path,category
".cursor/rules/vedmoulya-rules.mdc",OTHER
".devcontainer/devcontainer.json",OTHER
".dockerignore",OTHER
".editorconfig",OTHER
".env.example",CONFIG
".env.production.example",CONFIG
".gitattributes",OTHER
".github/ISSUE_TEMPLATE/adr.md",CI/CD
".github/ISSUE_TEMPLATE/bug_report.md",CI/CD
".github/ISSUE_TEMPLATE/feature_request.md",CI/CD
".github/PULL_REQUEST_TEMPLATE.md",CI/CD
".github/dependabot.yml",CI/CD
".github/workflows/ci.yml",CI/CD
".github/workflows/release.yml",CI/CD
".gitignore",CONFIG
".husky/commit-msg",OTHER
".husky/pre-commit",OTHER
".prettierignore",CONFIG
".prettierrc",CONFIG
"00_Foundation/CMP-002.md",DOCUMENTATION
"00_Foundation/CONSTITUTION.md",DOCUMENTATION
"01_Research/Human Problems/Interview Template.md",DOCUMENTATION
"01_Research/Human Problems/Problem Categories.md",DOCUMENTATION
"01_Research/Human Problems/Problem Prioritization Framework.md",DOCUMENTATION
"01_Research/Human Problems/Problem Repository.md",DOCUMENTATION
"01_Research/Human Problems/Problem Template.md",DOCUMENTATION
"01_Research/Human Problems/Problem Validation Framework.md",DOCUMENTATION
"01_Research/Human Problems/README.md",DOCUMENTATION
"01_Research/Human Problems/Research Methodology.md",DOCUMENTATION
"01_Research/Human Problems/Research Roadmap.md",DOCUMENTATION
"01_Research/Human Problems/Research Sources.md",DOCUMENTATION
"01_Research/Human Problems/User Observation Template.md",DOCUMENTATION
"02_Product/00_Core/Architecture.md",DOCUMENTATION
"02_Product/00_Core/Features.md",DOCUMENTATION
"02_Product/00_Core/Human Journey.md",DOCUMENTATION
"02_Product/00_Core/Human Progress Index.md",DOCUMENTATION
"02_Product/00_Core/Journey Stages.md",DOCUMENTATION
"02_Product/00_Core/Pain Points.md",DOCUMENTATION
"02_Product/00_Core/Personalization Rules.md",DOCUMENTATION
"02_Product/00_Core/Product Principles.md",DOCUMENTATION
"02_Product/00_Core/README.md",DOCUMENTATION
"02_Product/00_Core/Recommendation Engine.md",DOCUMENTATION
"02_Product/00_Core/Roadmap.md",DOCUMENTATION
"02_Product/00_Core/User Assessment.md",DOCUMENTATION
"02_Product/00_Core/User DNA Dimensions.md",DOCUMENTATION
"02_Product/00_Core/User DNA.md",DOCUMENTATION
"02_Product/00_Core/User Goals.md",DOCUMENTATION
"02_Product/00_Core/User Personas.md",DOCUMENTATION
"02_Product/00_Core/User Profiles.md",DOCUMENTATION
"02_Product/00_Core/User Stories.md",DOCUMENTATION
"02_Product/00_Core/VedMoulya Responsibilities.md",DOCUMENTATION
"02_Product/01_Discover/Architecture.md",DOCUMENTATION
"02_Product/01_Discover/Features.md",DOCUMENTATION
"02_Product/01_Discover/README.md",DOCUMENTATION
"02_Product/01_Discover/Roadmap.md",DOCUMENTATION
"02_Product/01_Discover/User Stories.md",DOCUMENTATION
"02_Product/02_Learn/Architecture.md",DOCUMENTATION
"02_Product/02_Learn/Features.md",DOCUMENTATION
"02_Product/02_Learn/README.md",DOCUMENTATION
"02_Product/02_Learn/Roadmap.md",DOCUMENTATION
"02_Product/02_Learn/User Stories.md",DOCUMENTATION
"02_Product/03_Build/Architecture.md",DOCUMENTATION
"02_Product/03_Build/Features.md",DOCUMENTATION
"02_Product/03_Build/README.md",DOCUMENTATION
"02_Product/03_Build/Roadmap.md",DOCUMENTATION
"02_Product/03_Build/User Stories.md",DOCUMENTATION
"02_Product/04_Earn/Architecture.md",DOCUMENTATION
"02_Product/04_Earn/Features.md",DOCUMENTATION
"02_Product/04_Earn/README.md",DOCUMENTATION
"02_Product/04_Earn/Roadmap.md",DOCUMENTATION
"02_Product/04_Earn/User Stories.md",DOCUMENTATION
"02_Product/05_Grow/Architecture.md",DOCUMENTATION
"02_Product/05_Grow/Features.md",DOCUMENTATION
"02_Product/05_Grow/README.md",DOCUMENTATION
"02_Product/05_Grow/Roadmap.md",DOCUMENTATION
"02_Product/05_Grow/User Stories.md",DOCUMENTATION
"02_Product/06_Manage/Architecture.md",DOCUMENTATION
"02_Product/06_Manage/Features.md",DOCUMENTATION
"02_Product/06_Manage/README.md",DOCUMENTATION
"02_Product/06_Manage/Roadmap.md",DOCUMENTATION
"02_Product/06_Manage/User Stories.md",DOCUMENTATION
"02_Product/07_Community/Architecture.md",DOCUMENTATION
"02_Product/07_Community/Features.md",DOCUMENTATION
"02_Product/07_Community/README.md",DOCUMENTATION
"02_Product/07_Community/Roadmap.md",DOCUMENTATION
"02_Product/07_Community/User Stories.md",DOCUMENTATION
"02_Product/08_AI/Architecture.md",DOCUMENTATION
"02_Product/08_AI/Features.md",DOCUMENTATION
"02_Product/08_AI/README.md",DOCUMENTATION
"02_Product/08_AI/Roadmap.md",DOCUMENTATION
"02_Product/08_AI/User Stories.md",DOCUMENTATION
"02_Product/09_Platform/Architecture.md",DOCUMENTATION
"02_Product/09_Platform/Features.md",DOCUMENTATION
"02_Product/09_Platform/README.md",DOCUMENTATION
"02_Product/09_Platform/Roadmap.md",DOCUMENTATION
"02_Product/09_Platform/User Stories.md",DOCUMENTATION
"03_Architecture/ADAPTER_FRAMEWORK.md",DOCUMENTATION
"03_Architecture/AI/Agents/README.md",DOCUMENTATION
"03_Architecture/AI/Context Engine/README.md",DOCUMENTATION
"03_Architecture/AI/Decision Engine/Decision API Contract.md",DOCUMENTATION
"03_Architecture/AI/Decision Engine/Decision Confidence.md",DOCUMENTATION
"03_Architecture/AI/Decision Engine/Decision Context.md",DOCUMENTATION
"03_Architecture/AI/Decision Engine/Decision Explainability.md",DOCUMENTATION
"03_Architecture/AI/Decision Engine/Decision Intelligence.md",DOCUMENTATION
"03_Architecture/AI/Decision Engine/Decision Learning.md",DOCUMENTATION
"03_Architecture/AI/Decision Engine/Decision Lifecycle.md",DOCUMENTATION
"03_Architecture/AI/Decision Engine/Decision Policies.md",DOCUMENTATION
"03_Architecture/AI/Decision Engine/Decision Scoring.md",DOCUMENTATION
"03_Architecture/AI/Decision Engine/Decision Types.md",DOCUMENTATION
"03_Architecture/AI/Decision Engine/README.md",DOCUMENTATION
"03_Architecture/AI/Evaluation/README.md",DOCUMENTATION
"03_Architecture/AI/Execution Engine/01_Execution_Intelligence.md",DOCUMENTATION
"03_Architecture/AI/Execution Engine/02_Execution_Lifecycle.md",DOCUMENTATION
"03_Architecture/AI/Execution Engine/03_Goal_Decomposition.md",DOCUMENTATION
"03_Architecture/AI/Execution Engine/04_Planning_Framework.md",DOCUMENTATION
"03_Architecture/AI/Execution Engine/05_Adaptive_Planning.md",DOCUMENTATION
"03_Architecture/AI/Execution Engine/06_Execution_Context.md",DOCUMENTATION
"03_Architecture/AI/Execution Engine/07_Execution_Feedback.md",DOCUMENTATION
"03_Architecture/AI/Execution Engine/08_Execution_Policies.md",DOCUMENTATION
"03_Architecture/AI/Execution Engine/09_Execution_Explainability.md",DOCUMENTATION
"03_Architecture/AI/Execution Engine/10_Execution_API_Contract.md",DOCUMENTATION
"03_Architecture/AI/Execution Engine/README.md",DOCUMENTATION
"03_Architecture/AI/Knowledge Graph/01_Life_Knowledge_Graph.md",DOCUMENTATION
"03_Architecture/AI/Knowledge Graph/02_Entity_Model.md",DOCUMENTATION
"03_Architecture/AI/Knowledge Graph/03_Relationship_Model.md",DOCUMENTATION
"03_Architecture/AI/Knowledge Graph/04_Knowledge_Lifecycle.md",DOCUMENTATION
"03_Architecture/AI/Knowledge Graph/05_Knowledge_Quality.md",DOCUMENTATION
"03_Architecture/AI/Knowledge Graph/06_Graph_Evolution.md",DOCUMENTATION
"03_Architecture/AI/Knowledge Graph/07_Knowledge_Retrieval.md",DOCUMENTATION
"03_Architecture/AI/Knowledge Graph/08_Knowledge_Governance.md",DOCUMENTATION
"03_Architecture/AI/Knowledge Graph/09_Knowledge_Explainability.md",DOCUMENTATION
"03_Architecture/AI/Knowledge Graph/10_Knowledge_API_Contract.md",DOCUMENTATION
"03_Architecture/AI/Knowledge Graph/README.md",DOCUMENTATION
"03_Architecture/AI/Memory/README.md",DOCUMENTATION
"03_Architecture/AI/Orchestrator/01_AI_Orchestration.md",DOCUMENTATION
"03_Architecture/AI/Orchestrator/02_Provider_Management.md",DOCUMENTATION
"03_Architecture/AI/Orchestrator/03_Capability_Routing.md",DOCUMENTATION
"03_Architecture/AI/Orchestrator/04_Context_Assembly.md",DOCUMENTATION
"03_Architecture/AI/Orchestrator/05_Prompt_Strategy.md",DOCUMENTATION
"03_Architecture/AI/Orchestrator/06_Cost_and_Performance_Optimization.md",DOCUMENTATION
"03_Architecture/AI/Orchestrator/07_Fallback_and_Resilience.md",DOCUMENTATION
"03_Architecture/AI/Orchestrator/08_Response_Validation.md",DOCUMENTATION
"03_Architecture/AI/Orchestrator/09_Orchestration_Policies.md",DOCUMENTATION
"03_Architecture/AI/Orchestrator/10_Orchestration_API_Contract.md",DOCUMENTATION
"03_Architecture/AI/Orchestrator/README.md",DOCUMENTATION
"03_Architecture/AI/Planning Engine/README.md",DOCUMENTATION
"03_Architecture/AI/Prompt Engine/README.md",DOCUMENTATION
"03_Architecture/AI/Providers/README.md",DOCUMENTATION
"03_Architecture/AI/Reasoning Engine/README.md",DOCUMENTATION
"03_Architecture/AI_PROVIDER_MATRIX.md",DOCUMENTATION
"03_Architecture/AI_PROVIDER_STRATEGY.md",DOCUMENTATION
"03_Architecture/API_V1_CONTRACT.md",DOCUMENTATION
"03_Architecture/APIs/README.md",DOCUMENTATION
"03_Architecture/APP-001_Context_Fabric_Architecture.md",DOCUMENTATION
"03_Architecture/ARCHITECTURE_FREEZE.md",DOCUMENTATION
"03_Architecture/BUILD_VS_ADOPT_MATRIX.md",DOCUMENTATION
"03_Architecture/Backend/Authentication/README.md",DOCUMENTATION
"03_Architecture/Backend/Business/README.md",DOCUMENTATION
"03_Architecture/Backend/Career/README.md",DOCUMENTATION
"03_Architecture/Backend/Core Services/01_Service_Architecture.md",DOCUMENTATION
"03_Architecture/Backend/Core Services/02_Service_Catalog.md",DOCUMENTATION
"03_Architecture/Backend/Core Services/03_Service_Responsibilities.md",DOCUMENTATION
"03_Architecture/Backend/Core Services/04_Service_Contracts.md",DOCUMENTATION
"03_Architecture/Backend/Core Services/05_Service_Communication.md",DOCUMENTATION
"03_Architecture/Backend/Core Services/06_Service_Dependencies.md",DOCUMENTATION
"03_Architecture/Backend/Core Services/07_Service_Lifecycle.md",DOCUMENTATION
"03_Architecture/Backend/Core Services/08_Service_Governance.md",DOCUMENTATION
"03_Architecture/Backend/Core Services/09_Service_Observability.md",DOCUMENTATION
"03_Architecture/Backend/Core Services/10_Service_Roadmap.md",DOCUMENTATION
"03_Architecture/Backend/Execution/README.md",DOCUMENTATION
"03_Architecture/Backend/Learning/README.md",DOCUMENTATION
"03_Architecture/Backend/Marketplace/README.md",DOCUMENTATION
"03_Architecture/Backend/Notifications/README.md",DOCUMENTATION
"03_Architecture/Backend/Payments/README.md",DOCUMENTATION
"03_Architecture/Backend/Users/README.md",DOCUMENTATION
"03_Architecture/CAPABILITY_ARCHITECTURE.md",DOCUMENTATION
"03_Architecture/CAPABILITY_ENGINE.md",DOCUMENTATION
"03_Architecture/CAPABILITY_REGISTRY.md",DOCUMENTATION
"03_Architecture/CONTEXT_INTELLIGENCE.md",DOCUMENTATION
"03_Architecture/DATABASE_V1.md",DOCUMENTATION
"03_Architecture/DECISION_ENGINE.md",DOCUMENTATION
"03_Architecture/Database/Data Dictionary/README.md",DOCUMENTATION
"03_Architecture/Database/ERD/README.md",DOCUMENTATION
"03_Architecture/Database/Indexes/README.md",DOCUMENTATION
"03_Architecture/Database/Migrations/README.md",DOCUMENTATION
"03_Architecture/Database/Schema/README.md",DOCUMENTATION
"03_Architecture/Database/Seed Data/README.md",DOCUMENTATION
"03_Architecture/Domain/01_Domain_Overview.md",DOCUMENTATION
"03_Architecture/Domain/02_Bounded_Contexts.md",DOCUMENTATION
"03_Architecture/Domain/03_Aggregates.md",DOCUMENTATION
"03_Architecture/Domain/04_Entities.md",DOCUMENTATION
"03_Architecture/Domain/05_Value_Objects.md",DOCUMENTATION
"03_Architecture/Domain/06_Domain_Events.md",DOCUMENTATION
"03_Architecture/Domain/07_Domain_Services.md",DOCUMENTATION
"03_Architecture/Domain/08_Domain_Glossary.md",DOCUMENTATION
"03_Architecture/Domain/09_Ubiquitous_Language.md",DOCUMENTATION
"03_Architecture/Domain/10_Domain_Roadmap.md",DOCUMENTATION
"03_Architecture/EI000_ENTERPRISE_INTELLIGENCE_SPECIFICATION.md",DOCUMENTATION
"03_Architecture/ENTERPRISE_BRAIN.md",DOCUMENTATION
"03_Architecture/ENTERPRISE_BRAIN_SPEC.md",DOCUMENTATION
"03_Architecture/ENTERPRISE_INTELLIGENCE.md",DOCUMENTATION
"03_Architecture/ENTERPRISE_INTELLIGENCE_BLUEPRINT.md",DOCUMENTATION
"03_Architecture/ENTERPRISE_PIPELINE.md",DOCUMENTATION
"03_Architecture/EXECUTION_ENGINE.md",DOCUMENTATION
"03_Architecture/EXECUTION_GRAPH.md",DOCUMENTATION
"03_Architecture/EXECUTION_GRAPH_SPEC.md",DOCUMENTATION
"03_Architecture/EXECUTION_ORCHESTRATOR.md",DOCUMENTATION
"03_Architecture/EXECUTION_SESSION_SPEC.md",DOCUMENTATION
"03_Architecture/EXECUTION_STRATEGY_ENGINE.md",DOCUMENTATION
"03_Architecture/EXECUTION_STRATEGY_ENGINE_SPEC.md",DOCUMENTATION
"03_Architecture/Frontend/Animations/README.md",DOCUMENTATION
"03_Architecture/Frontend/Components/README.md",DOCUMENTATION
"03_Architecture/Frontend/Layouts/README.md",DOCUMENTATION
"03_Architecture/Frontend/Navigation/README.md",DOCUMENTATION
"03_Architecture/Frontend/Responsive/README.md",DOCUMENTATION
"03_Architecture/Frontend/Screens/README.md",DOCUMENTATION
"03_Architecture/Frontend/Themes/README.md",DOCUMENTATION
"03_Architecture/Frontend/Widgets/README.md",DOCUMENTATION
"03_Architecture/GOAL_ENGINE.md",DOCUMENTATION
"03_Architecture/INTELLIGENCE_MATHEMATICS.md",DOCUMENTATION
"03_Architecture/Information/01_Information_Architecture.md",DOCUMENTATION
"03_Architecture/Information/02_Information_Types.md",DOCUMENTATION
"03_Architecture/Information/03_Information_Lifecycle.md",DOCUMENTATION
"03_Architecture/Information/04_Information_Ownership.md",DOCUMENTATION
"03_Architecture/Information/05_Information_Classification.md",DOCUMENTATION
"03_Architecture/Information/06_Information_Flow.md",DOCUMENTATION
"03_Architecture/Information/07_Information_Validation.md",DOCUMENTATION
"03_Architecture/Information/08_Information_Governance.md",DOCUMENTATION
"03_Architecture/Information/09_Information_Quality.md",DOCUMENTATION
"03_Architecture/Information/10_Information_Roadmap.md",DOCUMENTATION
"03_Architecture/Infrastructure/README.md",DOCUMENTATION
"03_Architecture/KNOWLEDGE_ARCHITECTURE.md",DOCUMENTATION
"03_Architecture/KNOWLEDGE_INTELLIGENCE.md",DOCUMENTATION
"03_Architecture/LEARNING_ENGINE.md",DOCUMENTATION
"03_Architecture/LEARNING_ENGINE_SPEC.md",DOCUMENTATION
"03_Architecture/LEARNING_INTELLIGENCE.md",DOCUMENTATION
"03_Architecture/MEMORY_ARCHITECTURE.md",DOCUMENTATION
"03_Architecture/MEMORY_INTELLIGENCE.md",DOCUMENTATION
"03_Architecture/OPEN_SOURCE_POLICY.md",DOCUMENTATION
"03_Architecture/OPERATING_SYSTEM.md",DOCUMENTATION
"03_Architecture/PIPELINE_SPECIFICATION.md",DOCUMENTATION
"03_Architecture/PIPELINE_VALIDATION.md",DOCUMENTATION
"03_Architecture/PROVIDER_BENCHMARK_ENGINE.md",DOCUMENTATION
"03_Architecture/PROVIDER_HEALTH_ENGINE.md",DOCUMENTATION
"03_Architecture/PROVIDER_SELECTION.md",DOCUMENTATION
"03_Architecture/QUALITY_ENGINE.md",DOCUMENTATION
"03_Architecture/QUALITY_ENGINE_SPEC.md",DOCUMENTATION
"03_Architecture/README.md",DOCUMENTATION
"03_Architecture/SYSTEM_OVERVIEW.md",DOCUMENTATION
"03_Architecture/Security/README.md",DOCUMENTATION
"03_Architecture/System/01_Architecture_Review.md",DOCUMENTATION
"03_Architecture/System/02_Architecture_Dependency_Matrix.md",DOCUMENTATION
"03_Architecture/System/03_Architecture_Consistency_Report.md",DOCUMENTATION
"03_Architecture/System/04_Architecture_Gap_Analysis.md",DOCUMENTATION
"03_Architecture/System/05_Architecture_Risk_Assessment.md",DOCUMENTATION
"03_Architecture/System/06_Architecture_Readiness_Report.md",DOCUMENTATION
"03_Architecture/System/07_Master_Architecture_Diagram.md",DOCUMENTATION
"03_Architecture/System/08_Architecture_Decision_Register.md",DOCUMENTATION
"03_Architecture/System/09_Architecture_Roadmap.md",DOCUMENTATION
"03_Architecture/System/10_Engineering_Readiness.md",DOCUMENTATION
"03_Architecture/System/Architecture Consistency Report.md",DOCUMENTATION
"03_Architecture/System/Architecture Decision Register.md",DOCUMENTATION
"03_Architecture/System/Architecture Dependency Matrix.md",DOCUMENTATION
"03_Architecture/System/Architecture Diagram/README.md",DOCUMENTATION
"03_Architecture/System/Architecture Gap Analysis.md",DOCUMENTATION
"03_Architecture/System/Architecture Principles.md",DOCUMENTATION
"03_Architecture/System/Architecture Readiness Report.md",DOCUMENTATION
"03_Architecture/System/Architecture Review.md",DOCUMENTATION
"03_Architecture/System/Architecture Risk Assessment.md",DOCUMENTATION
"03_Architecture/System/Architecture Roadmap.md",DOCUMENTATION
"03_Architecture/System/Caching/README.md",DOCUMENTATION
"03_Architecture/System/Core Components.md",DOCUMENTATION
"03_Architecture/System/Data Flow.md",DOCUMENTATION
"03_Architecture/System/Decision Flow.md",DOCUMENTATION
"03_Architecture/System/Deployment/README.md",DOCUMENTATION
"03_Architecture/System/Engineering Readiness.md",DOCUMENTATION
"03_Architecture/System/Event Flow.md",DOCUMENTATION
"03_Architecture/System/Integration Points.md",DOCUMENTATION
"03_Architecture/System/Knowledge Flow.md",DOCUMENTATION
"03_Architecture/System/Logging/README.md",DOCUMENTATION
"03_Architecture/System/Master Architecture Diagram.md",DOCUMENTATION
"03_Architecture/System/Monitoring/README.md",DOCUMENTATION
"03_Architecture/System/Overview/README.md",DOCUMENTATION
"03_Architecture/System/Scalability/README.md",DOCUMENTATION
"03_Architecture/System/Solution Blueprint/01_System_Overview.md",DOCUMENTATION
"03_Architecture/System/Solution Blueprint/02_System_Layers.md",DOCUMENTATION
"03_Architecture/System/Solution Blueprint/03_System_Modules.md",DOCUMENTATION
"03_Architecture/System/Solution Blueprint/04_End_to_End_Flows.md",DOCUMENTATION
"03_Architecture/System/Solution Blueprint/05_Engine_Interactions.md",DOCUMENTATION
"03_Architecture/System/Solution Blueprint/06_Module_Dependencies.md",DOCUMENTATION
"03_Architecture/System/Solution Blueprint/07_Extensibility_Model.md",DOCUMENTATION
"03_Architecture/System/Solution Blueprint/08_Deployment_View.md",DOCUMENTATION
"03_Architecture/System/Solution Blueprint/09_Architecture_Principles.md",DOCUMENTATION
"03_Architecture/System/Solution Blueprint/10_Blueprint_Roadmap.md",DOCUMENTATION
"03_Architecture/System/System Boundaries.md",DOCUMENTATION
"03_Architecture/System/System Context.md",DOCUMENTATION
"03_Architecture/System/VedMoulya Intelligence.md",DOCUMENTATION
"03_Architecture/TASK_ENGINE.md",DOCUMENTATION
"03_Architecture/TASK_PLANNER.md",DOCUMENTATION
"03_Architecture/TECHNOLOGY_REGISTRY.md",DOCUMENTATION
"03_Architecture/TOKEN_OPTIMIZATION.md",DOCUMENTATION
"03_Architecture/VEDMOULYA_CONSTITUTION.md",DOCUMENTATION
"03_Architecture/VEDMOULYA_PLATFORM_CONTRACT.md",DOCUMENTATION
"03_Architecture/VEDMOULYA_V1_VERSION_MANIFEST.md",DOCUMENTATION
"03_Architecture/WORK_ALLOCATION_ENGINE.md",DOCUMENTATION
"04_Sprints/ENTERPRISE_INTELLIGENCE/EI-001_Capability_Registry.md",DOCUMENTATION
"04_Sprints/ENTERPRISE_INTELLIGENCE/EI-002_Adapter_Framework.md",DOCUMENTATION
"04_Sprints/ENTERPRISE_INTELLIGENCE/EI-003_Open_Source_Intelligence.md",DOCUMENTATION
"04_Sprints/ENTERPRISE_INTELLIGENCE/EI-004_Context_Intelligence.md",DOCUMENTATION
"04_Sprints/ENTERPRISE_INTELLIGENCE/EI-005_AI_Economy_Engine.md",DOCUMENTATION
"04_Sprints/ENTERPRISE_INTELLIGENCE/EI-006_Task_Planner.md",DOCUMENTATION
"04_Sprints/ENTERPRISE_INTELLIGENCE/EI-007_Execution_Scheduler.md",DOCUMENTATION
"04_Sprints/ENTERPRISE_INTELLIGENCE/EI-007_Learning_Intelligence.md",DOCUMENTATION
"04_Sprints/ENTERPRISE_INTELLIGENCE/EI-008_Enterprise_Brain.md",DOCUMENTATION
"04_Sprints/ENTERPRISE_INTELLIGENCE/EI-008_Learning_Engine.md",DOCUMENTATION
"04_Sprints/ENTERPRISE_INTELLIGENCE/EI-009_Enterprise_Brain.md",DOCUMENTATION
"04_Sprints/ENTERPRISE_INTELLIGENCE/EI-009_Enterprise_Knowledge_Intelligence.md",DOCUMENTATION
"04_Sprints/ENTERPRISE_INTELLIGENCE/EI-010_Enterprise_Memory_Intelligence.md",DOCUMENTATION
"04_Sprints/ENTERPRISE_INTELLIGENCE/EI-010_Self_Improvement.md",DOCUMENTATION
"04_Sprints/EPIC-001/README.md",DOCUMENTATION
"04_Sprints/EPIC-002/README.md",DOCUMENTATION
"04_Sprints/EPIC-003/README.md",DOCUMENTATION
"04_Sprints/EPIC-004/README.md",DOCUMENTATION
"04_Sprints/EPIC-005/README.md",DOCUMENTATION
"04_Sprints/EPIC-006/README.md",DOCUMENTATION
"04_Sprints/EPIC-007/README.md",DOCUMENTATION
"04_Sprints/MASTER_ROADMAP.md",DOCUMENTATION
"04_Sprints/OPEN_SOURCE/OSR-001_Open_Source_Research.md",DOCUMENTATION
"04_Sprints/OPEN_SOURCE/OSR-002_Technology_Catalog.md",DOCUMENTATION
"04_Sprints/OPEN_SOURCE/OSR-003_Integration_Framework.md",DOCUMENTATION
"04_Sprints/OPEN_SOURCE/OSR-004_Capability_Marketplace.md",DOCUMENTATION
"04_Sprints/README.md",DOCUMENTATION
"04_Sprints/SPRINT-022_COMPLETION_REPORT.md",DOCUMENTATION
"04_Sprints/SPRINT-022_PERSISTENCE_ARCHITECTURE.md",DOCUMENTATION
"04_Sprints/SPRINT-022_PERSISTENCE_SECURITY.md",DOCUMENTATION
"04_Sprints/SPRINT-024_BASELINE_AUDIT.md",DOCUMENTATION
"04_Sprints/SPRINT-024_COMPLETION_REPORT.md",DOCUMENTATION
"04_Sprints/SPRINT-024_EVIDENCE.md",DOCUMENTATION
"04_Sprints/SPRINT-025_BASELINE_AUDIT.md",DOCUMENTATION
"04_Sprints/SPRINT-025_COMPLETION_REPORT.md",DOCUMENTATION
"04_Sprints/SPRINT-025_EVIDENCE.md",DOCUMENTATION
"04_Sprints/SPRINT-026_029_RECONCILIATION_REPORT.md",DOCUMENTATION
"04_Sprints/SPRINT-026_ARCHITECTURE_REPORT.md",DOCUMENTATION
"04_Sprints/SPRINT-026_AUTOMATION_MAP.md",DOCUMENTATION
"04_Sprints/SPRINT-026_BASELINE_AUDIT.md",DOCUMENTATION
"04_Sprints/SPRINT-026_COMPLETION_REPORT.md",DOCUMENTATION
"04_Sprints/SPRINT-026_PRODUCT_RESEARCH.md",DOCUMENTATION
"04_Sprints/SPRINT-026_ROADMAP.md",DOCUMENTATION
"04_Sprints/SPRINT-026_SECURITY_AUDIT.md",DOCUMENTATION
"04_Sprints/SPRINT-026_TEST_GAP_REPORT.md",DOCUMENTATION
"04_Sprints/SPRINT-026_UX_AUDIT.md",DOCUMENTATION
"04_Sprints/SPRINT-026_VOICE_ARCHITECTURE.md",DOCUMENTATION
"04_Sprints/SPRINT-027_BASELINE_AUDIT.md",DOCUMENTATION
"04_Sprints/SPRINT-027_COMPLETION_REPORT.md",DOCUMENTATION
"04_Sprints/SPRINT-027_EVIDENCE.md",DOCUMENTATION
"04_Sprints/SPRINT-028_COMPLETION_REPORT.md",DOCUMENTATION
"04_Sprints/SPRINT-029_AUTHORIZATION_MODEL.md",DOCUMENTATION
"04_Sprints/SPRINT-029_AUTOMATION_ARCHITECTURE.md",DOCUMENTATION
"04_Sprints/SPRINT-029_BUSINESS_OPPORTUNITY_MODEL.md",DOCUMENTATION
"04_Sprints/SPRINT-029_COMPLETION_REPORT.md",DOCUMENTATION
"04_Sprints/SPRINT-029_PROACTIVE_INTELLIGENCE_REPORT.md",DOCUMENTATION
"04_Sprints/SPRINT-029_PROVIDER_ORCHESTRATION.md",DOCUMENTATION
"04_Sprints/SPRINT-029_SECURITY_REPORT.md",DOCUMENTATION
"04_Sprints/SPRINT-029_TEST_REPORT.md",DOCUMENTATION
"04_Sprints/SPRINT-029_UX_REPORT.md",DOCUMENTATION
"04_Sprints/SPRINT-030_ARCHITECTURE_REPORT.md",DOCUMENTATION
"04_Sprints/SPRINT-030_AUTONOMY_MODEL.md",DOCUMENTATION
"04_Sprints/SPRINT-030_BASELINE_AUDIT.md",DOCUMENTATION
"04_Sprints/SPRINT-030_BUSINESS_OPPORTUNITY_MODEL.md",DOCUMENTATION
"04_Sprints/SPRINT-030_COMPLETION_REPORT.md",DOCUMENTATION
"04_Sprints/SPRINT-030_COST_INTELLIGENCE.md",DOCUMENTATION
"04_Sprints/SPRINT-030_PROVIDER_ORCHESTRATION.md",DOCUMENTATION
"04_Sprints/SPRINT-030_SECURITY_REPORT.md",DOCUMENTATION
"04_Sprints/SPRINT-030_TEST_REPORT.md",DOCUMENTATION
"04_Sprints/SPRINT-031_ROADMAP.md",DOCUMENTATION
"04_Sprints/SPRINT-032_AI_WORKFORCE.md",DOCUMENTATION
"04_Sprints/SPRINT-032_BUSINESS_ARCHITECTURE.md",DOCUMENTATION
"04_Sprints/SPRINT-032_COMPLETION_REPORT.md",DOCUMENTATION
"04_Sprints/SPRINT-032_OPPORTUNITY_ECONOMICS.md",DOCUMENTATION
"04_Sprints/SPRINT-032_PROVIDER_STRATEGY.md",DOCUMENTATION
"04_Sprints/SPRINT-032_ROADMAP.md",DOCUMENTATION
"04_Sprints/SPRINT-032_SECURITY_AUDIT.md",DOCUMENTATION
"04_Sprints/SPRINT-032_TEST_REPORT.md",DOCUMENTATION
"04_Sprints/SPRINT-032_WORLD_MODEL.md",DOCUMENTATION
"04_Sprints/SPRINT-033_AI_WORKFORCE_MODEL.md",DOCUMENTATION
"04_Sprints/SPRINT-033_AUTONOMY_SECURITY.md",DOCUMENTATION
"04_Sprints/SPRINT-033_COMPANY_OS_MODEL.md",DOCUMENTATION
"04_Sprints/SPRINT-033_COMPLETION_REPORT.md",DOCUMENTATION
"04_Sprints/SPRINT-033_OPPORTUNITY_MODEL.md",DOCUMENTATION
"04_Sprints/SPRINT-033_REVENUE_MODEL.md",DOCUMENTATION
"04_Sprints/SPRINT-033_ROADMAP.md",DOCUMENTATION
"04_Sprints/SPRINT-033_TEST_REPORT.md",DOCUMENTATION
"04_Sprints/SPRINT-033_UX_PLAN.md",DOCUMENTATION
"04_Sprints/SPRINT-033_WORKFLOW_FACTORY.md",DOCUMENTATION
"04_Sprints/SPRINT-034_COMMAND_CENTER.md",DOCUMENTATION
"04_Sprints/SPRINT-034_COMPLETION_REPORT.md",DOCUMENTATION
"04_Sprints/SPRINT-034_EXECUTION_ACTIVATION.md",DOCUMENTATION
"04_Sprints/SPRINT-034_OUTCOME_FEEDBACK.md",DOCUMENTATION
"04_Sprints/SPRINT-034_REVENUE_INTELLIGENCE.md",DOCUMENTATION
"04_Sprints/SPRINT-034_ROADMAP.md",DOCUMENTATION
"04_Sprints/SPRINT-034_SECURITY_AUDIT.md",DOCUMENTATION
"04_Sprints/SPRINT-034_TEST_REPORT.md",DOCUMENTATION
"04_Sprints/SPRINT-034_UX_AUDIT.md",DOCUMENTATION
"04_Sprints/SPRINT-034_WORLD_SIGNALS.md",DOCUMENTATION
"04_Sprints/SPRINT-035_BASELINE_AUDIT.md",DOCUMENTATION
"04_Sprints/SPRINT-035_CALIBRATION_REPORT.md",DOCUMENTATION
"04_Sprints/SPRINT-035_COMMAND_CENTER_DRILLDOWN.md",DOCUMENTATION
"04_Sprints/SPRINT-035_COMPLETION_REPORT.md",DOCUMENTATION
"04_Sprints/SPRINT-035_COST_INTELLIGENCE.md",DOCUMENTATION
"04_Sprints/SPRINT-035_DATA_INTEGRITY.md",DOCUMENTATION
"04_Sprints/SPRINT-035_PRODUCTION_READINESS.md",DOCUMENTATION
"04_Sprints/SPRINT-035_SECURITY_AUDIT.md",DOCUMENTATION
"04_Sprints/SPRINT-035_SIGNAL_OPERATOR_RUNBOOK.md",DOCUMENTATION
"04_Sprints/SPRINT-035_TEST_REPORT.md",DOCUMENTATION
"04_Sprints/SPRINT-035_UX_AUDIT.md",DOCUMENTATION
"04_Sprints/SPRINT-035_VOICE_COMMAND_CENTER.md",DOCUMENTATION
"04_Sprints/SPRINT-036_BENCHMARK.md",DOCUMENTATION
"04_Sprints/SPRINT-036_CAPABILITY_MODEL.md",DOCUMENTATION
"04_Sprints/SPRINT-036_COMPLETION_REPORT.md",DOCUMENTATION
"04_Sprints/SPRINT-036_FAILURE_HANDLING.md",DOCUMENTATION
"04_Sprints/SPRINT-036_PRODUCTION_READINESS.md",DOCUMENTATION
"04_Sprints/SPRINT-036_PROVIDER_ECONOMICS.md",DOCUMENTATION
"04_Sprints/SPRINT-036_PROVIDER_HEALTH.md",DOCUMENTATION
"04_Sprints/SPRINT-036_PROVIDER_ORCHESTRATION.md",DOCUMENTATION
"04_Sprints/SPRINT-036_ROADMAP.md",DOCUMENTATION
"04_Sprints/SPRINT-036_SECURITY_AUDIT.md",DOCUMENTATION
"04_Sprints/SPRINT-036_TEST_REPORT.md",DOCUMENTATION
"04_Sprints/SPRINT-036_WORKFLOW_DECOMPOSITION.md",DOCUMENTATION
"04_Sprints/SPRINT-037_BASELINE_AUDIT.md",DOCUMENTATION
"04_Sprints/SPRINT-037_COMPLETION_REPORT.md",DOCUMENTATION
"04_Sprints/SPRINT-037_COST_CALIBRATION.md",DOCUMENTATION
"04_Sprints/SPRINT-037_INTEGRATION_TEST.md",DOCUMENTATION
"04_Sprints/SPRINT-037_LIVE_EXECUTION.md",DOCUMENTATION
"04_Sprints/SPRINT-037_OPERATOR_ACTIVATION.md",DOCUMENTATION
"04_Sprints/SPRINT-037_PRODUCTION_READINESS.md",DOCUMENTATION
"04_Sprints/SPRINT-037_PROVIDER_HEALTH.md",DOCUMENTATION
"04_Sprints/SPRINT-037_ROADMAP.md",DOCUMENTATION
"04_Sprints/SPRINT-037_SECURITY_AUDIT.md",DOCUMENTATION
"04_Sprints/SPRINT-037_TEST_REPORT.md",DOCUMENTATION
"04_Sprints/SPRINT-038_COMPLETION_REPORT.md",DOCUMENTATION
"04_Sprints/SPRINT-038_CUSTOMER_DISCOVERY.md",DOCUMENTATION
"04_Sprints/SPRINT-038_ECONOMICS.md",DOCUMENTATION
"04_Sprints/SPRINT-038_EVIDENCE_MODEL.md",DOCUMENTATION
"04_Sprints/SPRINT-038_EXPERIMENTS.md",DOCUMENTATION
"04_Sprints/SPRINT-038_PROBLEM_MODEL.md",DOCUMENTATION
"04_Sprints/SPRINT-038_PROVIDER_ECONOMICS.md",DOCUMENTATION
"04_Sprints/SPRINT-038_ROADMAP.md",DOCUMENTATION
"04_Sprints/SPRINT-038_SCORING.md",DOCUMENTATION
"04_Sprints/SPRINT-038_SECURITY_AUDIT.md",DOCUMENTATION
"04_Sprints/SPRINT-038_TEST_REPORT.md",DOCUMENTATION
"04_Sprints/SPRINT-038_UX_AUDIT.md",DOCUMENTATION
"04_Sprints/SPRINT-039_BASELINE_AUDIT.md",DOCUMENTATION
"04_Sprints/SPRINT-039_BENCHMARK.md",DOCUMENTATION
"04_Sprints/SPRINT-039_CALIBRATION.md",DOCUMENTATION
"04_Sprints/SPRINT-039_COMPLETION_REPORT.md",DOCUMENTATION
"04_Sprints/SPRINT-039_CUSTOMER_DISCOVERY.md",DOCUMENTATION
"04_Sprints/SPRINT-039_DRILLDOWN.md",DOCUMENTATION
"04_Sprints/SPRINT-039_EVIDENCE_MODEL.md",DOCUMENTATION
"04_Sprints/SPRINT-039_NEXT_ACTION.md",DOCUMENTATION
"04_Sprints/SPRINT-039_PRODUCTION_READINESS.md",DOCUMENTATION
"04_Sprints/SPRINT-039_ROADMAP.md",DOCUMENTATION
"04_Sprints/SPRINT-039_SECURITY_AUDIT.md",DOCUMENTATION
"04_Sprints/SPRINT-039_TEST_REPORT.md",DOCUMENTATION
"04_Sprints/SPRINT-039_UX_AUDIT.md",DOCUMENTATION
"04_Sprints/SPRINT-040_AUTH_VERIFICATION.md",DOCUMENTATION
"04_Sprints/SPRINT-040_BASELINE_AUDIT.md",DOCUMENTATION
"04_Sprints/SPRINT-040_COMPLETION_REPORT.md",DOCUMENTATION
"04_Sprints/SPRINT-040_DOCKER_VERIFICATION.md",DOCUMENTATION
"04_Sprints/SPRINT-040_EVIDENCE_LOOP_TEST.md",DOCUMENTATION
"04_Sprints/SPRINT-040_ROADMAP.md",DOCUMENTATION
"04_Sprints/SPRINT-040_RUNTIME_VERIFICATION.md",DOCUMENTATION
"04_Sprints/SPRINT-040_TEST_REPORT.md",DOCUMENTATION
"04_Sprints/SPRINT-041B_ARCHITECTURE.md",DOCUMENTATION
"04_Sprints/SPRINT-041B_BASELINE_AUDIT.md",DOCUMENTATION
"04_Sprints/SPRINT-041B_COMPLETION_REPORT.md",DOCUMENTATION
"04_Sprints/SPRINT-041B_FIRST_LOGIN_VERIFICATION.md",DOCUMENTATION
"04_Sprints/SPRINT-041B_ROADMAP.md",DOCUMENTATION
"04_Sprints/SPRINT-041B_SECURITY_AUDIT.md",DOCUMENTATION
"04_Sprints/SPRINT-041B_TEST_REPORT.md",DOCUMENTATION
"04_Sprints/SPRINT-041_AUTH_SECURITY.md",DOCUMENTATION
"04_Sprints/SPRINT-041_BASELINE_AUDIT.md",DOCUMENTATION
"04_Sprints/SPRINT-041_COMPLETION_REPORT.md",DOCUMENTATION
"04_Sprints/SPRINT-041_EVIDENCE_LOOP_VERIFICATION.md",DOCUMENTATION
"04_Sprints/SPRINT-041_OPERATOR_READINESS.md",DOCUMENTATION
"04_Sprints/SPRINT-041_PERSISTENCE_RESTART.md",DOCUMENTATION
"04_Sprints/SPRINT-041_ROADMAP.md",DOCUMENTATION
"04_Sprints/SPRINT-041_TEST_REPORT.md",DOCUMENTATION
"04_Sprints/SPRINT-042_BASELINE_AUDIT.md",DOCUMENTATION
"04_Sprints/SPRINT-042_COMPLETION_REPORT.md",DOCUMENTATION
"04_Sprints/SPRINT-042_GATEWAY_MAPPING.md",DOCUMENTATION
"04_Sprints/SPRINT-042_ROADMAP.md",DOCUMENTATION
"04_Sprints/SPRINT-042_SECURITY_AUDIT.md",DOCUMENTATION
"04_Sprints/SPRINT-042_TEST_REPORT.md",DOCUMENTATION
"04_Sprints/SPRINT-043A_FULL_VERIFICATION_UIUX_AUDIT_REPORT.md",DOCUMENTATION
"04_Sprints/SPRINT-043B_EXPERIENCE_REVOLUTION_REPORT.md",DOCUMENTATION
"04_Sprints/SPRINT-043C_EXPERIENCE_REVOLUTION_WAVE2_REPORT.md",DOCUMENTATION
"04_Sprints/SPRINT-043D_SPATIAL_INTELLIGENCE_REPORT.md",DOCUMENTATION
"04_Sprints/SPRINT-043E_PHASE_B_OPTIMIZATION_REPORT.md",DOCUMENTATION
"04_Sprints/SPRINT-043E_STABILIZATION_REPORT.md",DOCUMENTATION
"04_Sprints/SPRINT-043_FINAL_OPTIMIZATION_REPORT.md",DOCUMENTATION
"04_Sprints/SPRINT-044_PRODUCTION_BUILD_AND_DEPLOYMENT_READINESS_REPORT.md",DOCUMENTATION
"04_Sprints/SPRINT-045_PRODUCTION_AUTH_DATABASE_READINESS_REPORT.md",DOCUMENTATION
"04_Sprints/SPRINT-046_FINAL_PRODUCTION_READINESS_AND_ESTATE_INTEGRITY_REPORT.md",DOCUMENTATION
"04_Sprints/SPRINT-047_PRIVATE_FOUNDER_BETA_REPORT.md",DOCUMENTATION
"04_Sprints/SPRINT-048_AI_READY_RUNTIME_CERTIFICATION_REPORT.md",DOCUMENTATION
"04_Sprints/SPRINT-049_GEMINI_RUNTIME_PROVIDER_REPORT.md",DOCUMENTATION
"04_Sprints/SPRINT-050_AI_ECOSYSTEM_FOUNDATION_REPORT.md",DOCUMENTATION
"04_Sprints/SPRINT-051_AGENT_WORKFLOW_EXECUTION_FOUNDATION_REPORT.md",DOCUMENTATION
"04_Sprints/SPRINT-052_LIVE_WORKFLOW_EXECUTION_AND_APPROVAL_CERTIFICATION_REPORT.md",DOCUMENTATION
"04_Sprints/SPRINT-053_MULTI_AGENT_ORCHESTRATION_FOUNDATION_REPORT.md",DOCUMENTATION
"04_Sprints/SPRINT-054_AI_CAREER_FREELANCE_INTELLIGENCE_REPORT.md",DOCUMENTATION
"04_Sprints/SPRINT-055_VEDMOULYA_INTELLIGENCE_COMMAND_CENTER_REPORT.md",DOCUMENTATION
"04_Sprints/SPRINT-056_COMPLETE_PLATFORM_AUDIT_REPORT.md",DOCUMENTATION
"04_Sprints/SPRINT-059_PRODUCTION_STATE_CONSOLIDATION_REPORT.md",DOCUMENTATION
"04_Sprints/SPRINT-061_FULL_CLEAN_IMPLEMENTATION_AUDIT.md",DOCUMENTATION
"04_Sprints/SPRINT-062_FINAL_PRODUCTION_BASELINE_CONSOLIDATION.md",DOCUMENTATION
"04_Technology/Engineering Standards/01_Engineering_Philosophy.md",DOCUMENTATION
"04_Technology/Engineering Standards/02_Project_Structure.md",DOCUMENTATION
"04_Technology/Engineering Standards/03_Naming_Conventions.md",DOCUMENTATION
"04_Technology/Engineering Standards/04_Coding_Standards.md",DOCUMENTATION
"04_Technology/Engineering Standards/05_Architecture_Rules.md",DOCUMENTATION
"04_Technology/Engineering Standards/06_Testing_Standards.md",DOCUMENTATION
"04_Technology/Engineering Standards/07_Documentation_Standards.md",DOCUMENTATION
"04_Technology/Engineering Standards/08_AI_Development_Guidelines.md",DOCUMENTATION
"04_Technology/Engineering Standards/09_Code_Review_Standards.md",DOCUMENTATION
"04_Technology/Engineering Standards/10_Engineering_Roadmap.md",DOCUMENTATION
"04_Technology/Technology Decisions/01_Technology_Overview.md",DOCUMENTATION
"04_Technology/Technology Decisions/02_Frontend_Technology.md",DOCUMENTATION
"04_Technology/Technology Decisions/03_Backend_Technology.md",DOCUMENTATION
"04_Technology/Technology Decisions/04_Data_and_Storage.md",DOCUMENTATION
"04_Technology/Technology Decisions/05_AI_Provider_Strategy.md",DOCUMENTATION
"04_Technology/Technology Decisions/06_Authentication_Strategy.md",DOCUMENTATION
"04_Technology/Technology Decisions/07_Cloud_and_Deployment.md",DOCUMENTATION
"04_Technology/Technology Decisions/08_Developer_Tooling.md",DOCUMENTATION
"04_Technology/Technology Decisions/09_Testing_Strategy.md",DOCUMENTATION
"04_Technology/Technology Decisions/10_Technology_Roadmap.md",DOCUMENTATION
"05_Design/AI Mentor Experience/00_AI_Mentor_Constitution_v1.0.md",DOCUMENTATION
"05_Design/AI Mentor Experience/01_Mentor_Philosophy.md",DOCUMENTATION
"05_Design/AI Mentor Experience/02_Conversation_Experience.md",DOCUMENTATION
"05_Design/AI Mentor Experience/03_Conversation_States.md",DOCUMENTATION
"05_Design/AI Mentor Experience/04_Memory_Aware_Conversations.md",DOCUMENTATION
"05_Design/AI Mentor Experience/05_Coaching_Methodology.md",DOCUMENTATION
"05_Design/AI Mentor Experience/06_Contextual_Assistance.md",DOCUMENTATION
"05_Design/AI Mentor Experience/07_Goal_Conversations.md",DOCUMENTATION
"05_Design/AI Mentor Experience/08_Reflection_Conversations.md",DOCUMENTATION
"05_Design/AI Mentor Experience/09_Learning_Conversations.md",DOCUMENTATION
"05_Design/AI Mentor Experience/10_Career_Conversations.md",DOCUMENTATION
"05_Design/AI Mentor Experience/11_Decision_Support.md",DOCUMENTATION
"05_Design/AI Mentor Experience/12_Conversation_History.md",DOCUMENTATION
"05_Design/AI Mentor Experience/13_AI_Transparency.md",DOCUMENTATION
"05_Design/AI Mentor Experience/14_Motion_and_Microinteractions.md",DOCUMENTATION
"05_Design/AI Mentor Experience/15_Responsive_Experience.md",DOCUMENTATION
"05_Design/AI Mentor Experience/16_Roadmap.md",DOCUMENTATION
"05_Design/Business Experience/00_Business_Constitution_v1.0.md",DOCUMENTATION
"05_Design/Business Experience/01_Business_Philosophy.md",DOCUMENTATION
"05_Design/Business Experience/02_Business_Dashboard.md",DOCUMENTATION
"05_Design/Business Experience/03_Business_Journey.md",DOCUMENTATION
"05_Design/Business Experience/04_Idea_Studio.md",DOCUMENTATION
"05_Design/Business Experience/05_Problem_Validation.md",DOCUMENTATION
"05_Design/Business Experience/06_Business_Model.md",DOCUMENTATION
"05_Design/Business Experience/07_Service_and_Product_Design.md",DOCUMENTATION
"05_Design/Business Experience/08_Client_and_Relationships.md",DOCUMENTATION
"05_Design/Business Experience/09_Execution_and_Operations.md",DOCUMENTATION
"05_Design/Business Experience/10_AI_Business_Coach.md",DOCUMENTATION
"05_Design/Business Experience/11_Business_Insights.md",DOCUMENTATION
"05_Design/Business Experience/12_Business_Analytics.md",DOCUMENTATION
"05_Design/Business Experience/13_Business_Settings.md",DOCUMENTATION
"05_Design/Business Experience/14_Responsive_Experience.md",DOCUMENTATION
"05_Design/Business Experience/15_Roadmap.md",DOCUMENTATION
"05_Design/Career Experience/00_Career_Constitution_v1.0.md",DOCUMENTATION
"05_Design/Career Experience/01_Career_Philosophy.md",DOCUMENTATION
"05_Design/Career Experience/02_Career_Dashboard.md",DOCUMENTATION
"05_Design/Career Experience/03_Career_Journey.md",DOCUMENTATION
"05_Design/Career Experience/04_Skill_Profile.md",DOCUMENTATION
"05_Design/Career Experience/05_Skill_Gap_Analysis.md",DOCUMENTATION
"05_Design/Career Experience/06_Career_Roadmap.md",DOCUMENTATION
"05_Design/Career Experience/07_Goal_Planning.md",DOCUMENTATION
"05_Design/Career Experience/08_Resume_Portfolio.md",DOCUMENTATION
"05_Design/Career Experience/09_Job_Discovery.md",DOCUMENTATION
"05_Design/Career Experience/10_Application_Manager.md",DOCUMENTATION
"05_Design/Career Experience/11_Interview_Experience.md",DOCUMENTATION
"05_Design/Career Experience/12_AI_Career_Coach.md",DOCUMENTATION
"05_Design/Career Experience/13_Career_Insights.md",DOCUMENTATION
"05_Design/Career Experience/14_Career_Analytics.md",DOCUMENTATION
"05_Design/Career Experience/15_Career_Settings.md",DOCUMENTATION
"05_Design/Career Experience/16_Responsive_Experience.md",DOCUMENTATION
"05_Design/Career Experience/17_Roadmap.md",DOCUMENTATION
"05_Design/Dashboard Experience/00_Dashboard_Constitution_v1.0.md",DOCUMENTATION
"05_Design/Dashboard Experience/00_Dashboard_Constitution_v1.1.md",DOCUMENTATION
"05_Design/Dashboard Experience/01_Dashboard_Philosophy.md",DOCUMENTATION
"05_Design/Dashboard Experience/02_Information_Hierarchy.md",DOCUMENTATION
"05_Design/Dashboard Experience/03_Layout_System.md",DOCUMENTATION
"05_Design/Dashboard Experience/04_Hero_Section.md",DOCUMENTATION
"05_Design/Dashboard Experience/05_AI_Coach.md",DOCUMENTATION
"05_Design/Dashboard Experience/06_Todays_Focus.md",DOCUMENTATION
"05_Design/Dashboard Experience/07_Progress_and_Growth.md",DOCUMENTATION
"05_Design/Dashboard Experience/08_Recommendations.md",DOCUMENTATION
"05_Design/Dashboard Experience/09_Quick_Actions.md",DOCUMENTATION
"05_Design/Dashboard Experience/10_Modular_Cards.md",DOCUMENTATION
"05_Design/Dashboard Experience/11_Personalization.md",DOCUMENTATION
"05_Design/Dashboard Experience/12_Dashboard_States.md",DOCUMENTATION
"05_Design/Dashboard Experience/13_Animations.md",DOCUMENTATION
"05_Design/Dashboard Experience/14_Responsive_Dashboard.md",DOCUMENTATION
"05_Design/Dashboard Experience/15_Dashboard_Roadmap.md",DOCUMENTATION
"05_Design/Dashboard Experience/16_Dashboard_Refinement.md",DOCUMENTATION
"05_Design/Design System/00_Design_Constitution_v1.0.md",DOCUMENTATION
"05_Design/Design System/01_Design_Philosophy.md",DOCUMENTATION
"05_Design/Design System/02_Brand_Identity.md",DOCUMENTATION
"05_Design/Design System/03_Color_System.md",DOCUMENTATION
"05_Design/Design System/04_Typography_System.md",DOCUMENTATION
"05_Design/Design System/05_Layout_and_Grid.md",DOCUMENTATION
"05_Design/Design System/06_Spacing_System.md",DOCUMENTATION
"05_Design/Design System/07_Component_System.md",DOCUMENTATION
"05_Design/Design System/08_Iconography.md",DOCUMENTATION
"05_Design/Design System/09_Motion_System.md",DOCUMENTATION
"05_Design/Design System/10_Accessibility.md",DOCUMENTATION
"05_Design/Design System/11_Interaction_Patterns.md",DOCUMENTATION
"05_Design/Design System/12_AI_Experience_Guidelines.md",DOCUMENTATION
"05_Design/Design System/13_Empty_Loading_Error_States.md",DOCUMENTATION
"05_Design/Design System/14_Responsive_Design.md",DOCUMENTATION
"05_Design/Design System/15_Design_Roadmap.md",DOCUMENTATION
"05_Design/Experience Bible/00_Experience_Bible.md",DOCUMENTATION
"05_Design/Experience Bible/01_Design_Principles.md",DOCUMENTATION
"05_Design/Experience Bible/02_Visual_Language.md",DOCUMENTATION
"05_Design/Experience Bible/03_Interaction_Language.md",DOCUMENTATION
"05_Design/Experience Bible/04_AI_Experience_Language.md",DOCUMENTATION
"05_Design/Experience Bible/05_Animation_and_Motion.md",DOCUMENTATION
"05_Design/Experience Bible/06_Layout_and_Grid.md",DOCUMENTATION
"05_Design/Experience Bible/07_Component_Behaviour.md",DOCUMENTATION
"05_Design/Experience Bible/08_Typography_System.md",DOCUMENTATION
"05_Design/Experience Bible/09_Color_System.md",DOCUMENTATION
"05_Design/Experience Bible/10_Iconography.md",DOCUMENTATION
"05_Design/Experience Bible/11_Illustration_Guidelines.md",DOCUMENTATION
"05_Design/Experience Bible/12_Content_and_Copywriting.md",DOCUMENTATION
"05_Design/Experience Bible/13_Accessibility.md",DOCUMENTATION
"05_Design/Experience Bible/14_Experience_Governance.md",DOCUMENTATION
"05_Design/Experience Bible/15_Roadmap.md",DOCUMENTATION
"05_Design/Experience Bible/99_Experience_Bible_Audit.md",DOCUMENTATION
"05_Design/Learning Experience/00_Learning_Constitution_v1.0.md",DOCUMENTATION
"05_Design/Learning Experience/01_Learning_Philosophy.md",DOCUMENTATION
"05_Design/Learning Experience/02_Learning_Dashboard.md",DOCUMENTATION
"05_Design/Learning Experience/03_Learning_Journey.md",DOCUMENTATION
"05_Design/Learning Experience/04_Knowledge_Map.md",DOCUMENTATION
"05_Design/Learning Experience/05_Skill_Development.md",DOCUMENTATION
"05_Design/Learning Experience/06_Learning_Path_Design.md",DOCUMENTATION
"05_Design/Learning Experience/07_Practice_Experience.md",DOCUMENTATION
"05_Design/Learning Experience/08_Project_Based_Learning.md",DOCUMENTATION
"05_Design/Learning Experience/09_AI_Learning_Coach.md",DOCUMENTATION
"05_Design/Learning Experience/10_Assessment_Experience.md",DOCUMENTATION
"05_Design/Learning Experience/11_Learning_Insights.md",DOCUMENTATION
"05_Design/Learning Experience/12_Learning_Analytics.md",DOCUMENTATION
"05_Design/Learning Experience/13_Learning_Settings.md",DOCUMENTATION
"05_Design/Learning Experience/14_Responsive_Experience.md",DOCUMENTATION
"05_Design/Learning Experience/15_Roadmap.md",DOCUMENTATION
"05_Design/Life Operating System/00_Life_OS_Constitution.md",DOCUMENTATION
"05_Design/Life Operating System/01_Life_Philosophy.md",DOCUMENTATION
"05_Design/Life Operating System/02_Life_Flow.md",DOCUMENTATION
"05_Design/Life Operating System/03_Daily_Operating_System.md",DOCUMENTATION
"05_Design/Life Operating System/04_Life_States.md",DOCUMENTATION
"05_Design/Life Operating System/05_Cross_Module_Experiences.md",DOCUMENTATION
"05_Design/Life Operating System/06_Context_Switching.md",DOCUMENTATION
"05_Design/Life Operating System/07_Adaptive_Experience.md",DOCUMENTATION
"05_Design/Life Operating System/08_AI_Life_Companion.md",DOCUMENTATION
"05_Design/Life Operating System/09_Life_Timeline.md",DOCUMENTATION
"05_Design/Life Operating System/10_Opportunity_Flow.md",DOCUMENTATION
"05_Design/Life Operating System/11_Life_Reflection.md",DOCUMENTATION
"05_Design/Life Operating System/12_Growth_Ecosystem.md",DOCUMENTATION
"05_Design/Life Operating System/13_Experience_Governance.md",DOCUMENTATION
"05_Design/Life Operating System/14_Responsive_Experience.md",DOCUMENTATION
"05_Design/Life Operating System/15_Roadmap.md",DOCUMENTATION
"05_Design/Life Operating System/99_Life_OS_Completion_Audit.md",DOCUMENTATION
"05_Design/Marketplace Experience/00_Marketplace_Constitution_v1.0.md",DOCUMENTATION
"05_Design/Marketplace Experience/00_Marketplace_Constitution_v1.1.md",DOCUMENTATION
"05_Design/Marketplace Experience/01_Marketplace_Philosophy.md",DOCUMENTATION
"05_Design/Marketplace Experience/02_Marketplace_Dashboard.md",DOCUMENTATION
"05_Design/Marketplace Experience/03_Opportunity_Discovery.md",DOCUMENTATION
"05_Design/Marketplace Experience/04_Service_Marketplace.md",DOCUMENTATION
"05_Design/Marketplace Experience/05_Project_Collaboration.md",DOCUMENTATION
"05_Design/Marketplace Experience/06_Mentorship_Experience.md",DOCUMENTATION
"05_Design/Marketplace Experience/07_Hiring_and_Talent.md",DOCUMENTATION
"05_Design/Marketplace Experience/08_Freelancing_Experience.md",DOCUMENTATION
"05_Design/Marketplace Experience/09_Partner_Ecosystem.md",DOCUMENTATION
"05_Design/Marketplace Experience/10_AI_Marketplace_Coach.md",DOCUMENTATION
"05_Design/Marketplace Experience/11_Trust_and_Reputation.md",DOCUMENTATION
"05_Design/Marketplace Experience/12_Marketplace_Insights.md",DOCUMENTATION
"05_Design/Marketplace Experience/13_Marketplace_Settings.md",DOCUMENTATION
"05_Design/Marketplace Experience/14_Responsive_Experience.md",DOCUMENTATION
"05_Design/Marketplace Experience/15_Roadmap.md",DOCUMENTATION
"05_Design/Marketplace Experience/99_Completion_Audit.md",DOCUMENTATION
"05_Design/Marketplace Experience/99_Coverage_Matrix.md",DOCUMENTATION
"05_Design/Marketplace Experience/99_Cross_Reference_Matrix.md",DOCUMENTATION
"05_Design/Marketplace Experience/99_Marketplace_Consistency_Audit.md",DOCUMENTATION
"05_Design/Marketplace Experience/99_Quality_Review_Compliance_Matrix.md",DOCUMENTATION
"05_Design/Marketplace Experience/99_Remaining_Documents_Ownership_Matrix.md",DOCUMENTATION
"05_Design/Memory & Knowledge Experience/00_Memory_Constitution_v1.0.md",DOCUMENTATION
"05_Design/Memory & Knowledge Experience/01_Experience_Philosophy.md",DOCUMENTATION
"05_Design/Memory & Knowledge Experience/02_Memory_Timeline.md",DOCUMENTATION
"05_Design/Memory & Knowledge Experience/03_Knowledge_Garden.md",DOCUMENTATION
"05_Design/Memory & Knowledge Experience/04_Connections_View.md",DOCUMENTATION
"05_Design/Memory & Knowledge Experience/05_Life_Chapters.md",DOCUMENTATION
"05_Design/Memory & Knowledge Experience/06_Memory_Details.md",DOCUMENTATION
"05_Design/Memory & Knowledge Experience/07_Search_and_Discovery.md",DOCUMENTATION
"05_Design/Memory & Knowledge Experience/08_AI_Knowledge_Assistant.md",DOCUMENTATION
"05_Design/Memory & Knowledge Experience/09_Capture_Experience.md",DOCUMENTATION
"05_Design/Memory & Knowledge Experience/10_Reflection_Experience.md",DOCUMENTATION
"05_Design/Memory & Knowledge Experience/11_Growth_Visualization.md",DOCUMENTATION
"05_Design/Memory & Knowledge Experience/12_States.md",DOCUMENTATION
"05_Design/Memory & Knowledge Experience/13_Animations.md",DOCUMENTATION
"05_Design/Memory & Knowledge Experience/14_Responsive_Experience.md",DOCUMENTATION
"05_Design/Memory & Knowledge Experience/15_Roadmap.md",DOCUMENTATION
"05_Design/Onboarding Experience/00_Onboarding_Constitution_v1.0.md",DOCUMENTATION
"05_Design/Onboarding Experience/01_User_Journey.md",DOCUMENTATION
"05_Design/Onboarding Experience/02_Splash_Screen.md",DOCUMENTATION
"05_Design/Onboarding Experience/03_Welcome_Experience.md",DOCUMENTATION
"05_Design/Onboarding Experience/04_Identity_Setup.md",DOCUMENTATION
"05_Design/Onboarding Experience/05_Purpose_Selection.md",DOCUMENTATION
"05_Design/Onboarding Experience/06_Dream_and_Goals.md",DOCUMENTATION
"05_Design/Onboarding Experience/07_User_DNA_Assessment.md",DOCUMENTATION
"05_Design/Onboarding Experience/08_AI_Introduction.md",DOCUMENTATION
"05_Design/Onboarding Experience/09_Personalized_Setup.md",DOCUMENTATION
"05_Design/Onboarding Experience/10_First_Dashboard_Experience.md",DOCUMENTATION
"05_Design/Onboarding Experience/11_Onboarding_Animations.md",DOCUMENTATION
"05_Design/Onboarding Experience/12_Microcopy.md",DOCUMENTATION
"05_Design/Onboarding Experience/13_Accessibility.md",DOCUMENTATION
"05_Design/Onboarding Experience/14_Edge_Cases.md",DOCUMENTATION
"05_Design/Onboarding Experience/15_Onboarding_Roadmap.md",DOCUMENTATION
"05_Docs/ARCHITECTURE_DECISIONS.md",DOCUMENTATION
"05_Docs/CHANGELOG.md",DOCUMENTATION
"05_Docs/CONTRIBUTING.md",DOCUMENTATION
"05_Docs/CURRENT_ARCHITECTURE_STATE.md",DOCUMENTATION
"05_Docs/PROJECT_STATUS.md",DOCUMENTATION
"05_Docs/RELEASE_PROCESS.md",DOCUMENTATION
"05_Docs/ROADMAP.md",DOCUMENTATION
"06_AI/AI_GUIDELINES.md",DOCUMENTATION
"06_AI/AI_WORKFLOW.md",DOCUMENTATION
"06_AI/MODEL_CAPABILITIES.md",DOCUMENTATION
"06_AI/PROMPT_LIBRARY.md",DOCUMENTATION
"06_AI/PROVIDER_COMPARISON.md",DOCUMENTATION
"06_Implementation/01_Implementation_Strategy.md",DOCUMENTATION
"06_Implementation/02_Engineering_Principles.md",DOCUMENTATION
"06_Implementation/03_Development_Phases.md",DOCUMENTATION
"06_Implementation/04_MVP_Definition.md",DOCUMENTATION
"06_Implementation/05_Module_Implementation_Order.md",DOCUMENTATION
"06_Implementation/06_AI_Development_Workflow.md",DOCUMENTATION
"06_Implementation/07_Human_AI_Collaboration.md",DOCUMENTATION
"06_Implementation/08_Quality_Gates.md",DOCUMENTATION
"06_Implementation/09_Testing_Strategy.md",DOCUMENTATION
"06_Implementation/10_Release_Strategy.md",DOCUMENTATION
"06_Implementation/11_Risk_Register.md",DOCUMENTATION
"06_Implementation/12_Engineering_Governance.md",DOCUMENTATION
"06_Implementation/13_Documentation_Standards.md",DOCUMENTATION
"06_Implementation/14_Readiness_Assessment.md",DOCUMENTATION
"06_Implementation/15_Implementation_Roadmap.md",DOCUMENTATION
"06_Implementation/99_BLP-001_Audit.md",DOCUMENTATION
"06_Implementation/Technology/01_Technology_Principles.md",DOCUMENTATION
"06_Implementation/Technology/02_Frontend_Platform.md",DOCUMENTATION
"06_Implementation/Technology/03_Backend_Platform.md",DOCUMENTATION
"06_Implementation/Technology/04_Data_Platform.md",DOCUMENTATION
"06_Implementation/Technology/05_AI_Platform.md",DOCUMENTATION
"06_Implementation/Technology/06_Integration_Platform.md",DOCUMENTATION
"06_Implementation/Technology/07_DevOps_Platform.md",DOCUMENTATION
"06_Implementation/Technology/08_Security_Platform.md",DOCUMENTATION
"06_Implementation/Technology/09_Observability_Platform.md",DOCUMENTATION
"06_Implementation/Technology/10_Testing_Toolchain.md",DOCUMENTATION
"06_Implementation/Technology/11_Developer_Toolchain.md",DOCUMENTATION
"06_Implementation/Technology/12_Decision_Record.md",DOCUMENTATION
"06_Implementation/Technology/13_Risk_Analysis.md",DOCUMENTATION
"06_Implementation/Technology/14_Readiness_Assessment.md",DOCUMENTATION
"06_Implementation/Technology/15_Technology_Roadmap.md",DOCUMENTATION
"06_Implementation/Technology/99_BLP-002_Audit.md",DOCUMENTATION
"07_Operations/BACKUP.md",DOCUMENTATION
"07_Operations/DEPLOYMENT.md",DOCUMENTATION
"07_Operations/ENVIRONMENT_V1.md",DOCUMENTATION
"07_Operations/LOCAL_SETUP.md",DOCUMENTATION
"07_Operations/SECURITY.md",DOCUMENTATION
"08_Revenue/BUSINESS_MODEL.md",DOCUMENTATION
"08_Revenue/CLIENT_WORKFLOW.md",DOCUMENTATION
"08_Revenue/FIRST_CLIENT_PLAN.md",DOCUMENTATION
"08_Revenue/PRICING.md",DOCUMENTATION
"08_Revenue/SERVICE_PACKAGES.md",DOCUMENTATION
"09_Documents/AI_RUNTIME_001_BASELINE_AUDIT.md",DOCUMENTATION
"09_Documents/AI_RUNTIME_001_Completion_Report.md",DOCUMENTATION
"09_Documents/AI_RUNTIME_002_BASELINE_AUDIT.md",DOCUMENTATION
"09_Documents/AI_RUNTIME_002_COMPLETION_REPORT.md",DOCUMENTATION
"09_Documents/AI_RUNTIME_002_CONDITION_AUDIT.md",DOCUMENTATION
"09_Documents/AI_RUNTIME_002_CONDITION_FREE_CERTIFICATION.md",DOCUMENTATION
"09_Documents/AI_RUNTIME_002_EVIDENCE.md",DOCUMENTATION
"09_Documents/AI_RUNTIME_002_Implementation_Report.md",DOCUMENTATION
"09_Documents/AI_RUNTIME_003_ACCURACY_EVALUATION.md",DOCUMENTATION
"09_Documents/AI_RUNTIME_003_BASELINE_AUDIT.md",DOCUMENTATION
"09_Documents/AI_RUNTIME_003_Completion_Report.md",DOCUMENTATION
"09_Documents/AI_RUNTIME_003_EVIDENCE.md",DOCUMENTATION
"09_Documents/AI_RUNTIME_003_PROVIDER_CALIBRATION.md",DOCUMENTATION
"09_Documents/AI_RUNTIME_003_RAG_CALIBRATION.md",DOCUMENTATION
"09_Documents/APP-001_Completion_Report.md",DOCUMENTATION
"09_Documents/Architecture Standards.md",DOCUMENTATION
"09_Documents/BLD-004_Completion_Report.md",DOCUMENTATION
"09_Documents/BLD-005_Completion_Report.md",DOCUMENTATION
"09_Documents/BLD-007B_Completion_Report.md",DOCUMENTATION
"09_Documents/BLD-007_Completion_Report.md",DOCUMENTATION
"09_Documents/BLD-008_Completion_Report.md",DOCUMENTATION
"09_Documents/Coding Standards.md",DOCUMENTATION
"09_Documents/Company Glossary.md",DOCUMENTATION
"09_Documents/Decision Log.md",DOCUMENTATION
"09_Documents/EI-001_Completion_Report.md",DOCUMENTATION
"09_Documents/EI-002_Completion_Report.md",DOCUMENTATION
"09_Documents/EI-003_Completion_Report.md",DOCUMENTATION
"09_Documents/EI-004_Completion_Report.md",DOCUMENTATION
"09_Documents/EI-005_Completion_Report.md",DOCUMENTATION
"09_Documents/EI-006_Completion_Report.md",DOCUMENTATION
"09_Documents/EI-007_Completion_Report.md",DOCUMENTATION
"09_Documents/EI-008_Completion_Report.md",DOCUMENTATION
"09_Documents/EI-009_Completion_Report.md",DOCUMENTATION
"09_Documents/EI-010_Completion_Report.md",DOCUMENTATION
"09_Documents/EPIC_006_ARCHITECTURE.md",DOCUMENTATION
"09_Documents/EPIC_006_BASELINE_AUDIT.md",DOCUMENTATION
"09_Documents/EPIC_006_COMPLETION_REPORT.md",DOCUMENTATION
"09_Documents/EPIC_006_EVALUATION.md",DOCUMENTATION
"09_Documents/EPIC_006_LOOP_ENGINE.md",DOCUMENTATION
"09_Documents/EPIC_007_ADOPTION_AUDIT.md",DOCUMENTATION
"09_Documents/EPIC_007_APPLICATION_BLUEPRINT.md",DOCUMENTATION
"09_Documents/EPIC_007_ARCHITECTURE.md",DOCUMENTATION
"09_Documents/EPIC_007_COMPLETION_REPORT.md",DOCUMENTATION
"09_Documents/EPIC_007_EVALUATION.md",DOCUMENTATION
"09_Documents/EPIC_007_IMPLEMENTATION_REPORT.md",DOCUMENTATION
"09_Documents/EPIC_007_SECURITY_MODEL.md",DOCUMENTATION
"09_Documents/EPIC_008_BASELINE_AUDIT.md",DOCUMENTATION
"09_Documents/EPIC_008_COMPLETION_REPORT.md",DOCUMENTATION
"09_Documents/EPIC_008_WORKSPACE_ARCHITECTURE.md",DOCUMENTATION
"09_Documents/EPIC_009_BASELINE_AUDIT.md",DOCUMENTATION
"09_Documents/EPIC_009_COMPLETION_REPORT.md",DOCUMENTATION
"09_Documents/EPIC_009_DESIGN_INTELLIGENCE.md",DOCUMENTATION
"09_Documents/EPIC_009_EVALUATION.md",DOCUMENTATION
"09_Documents/EPIC_009_QUESTION_INTELLIGENCE.md",DOCUMENTATION
"09_Documents/EPIC_009_REQUIREMENTS_ARCHITECTURE.md",DOCUMENTATION
"09_Documents/EPIC_009_SECURITY_MODEL.md",DOCUMENTATION
"09_Documents/EPIC_010_BASELINE_AUDIT.md",DOCUMENTATION
"09_Documents/EPIC_010_COMPLETION_REPORT.md",DOCUMENTATION
"09_Documents/EPIC_010_DESIGN_SYSTEM.md",DOCUMENTATION
"09_Documents/EPIC_010_QUALITY_MODEL.md",DOCUMENTATION
"09_Documents/EPIC_010_VISUAL_CRITIC.md",DOCUMENTATION
"09_Documents/EPIC_011_BASELINE_AUDIT.md",DOCUMENTATION
"09_Documents/EPIC_011_COMPLETION_REPORT.md",DOCUMENTATION
"09_Documents/EPIC_011_LIVE_AI_VALIDATION.md",DOCUMENTATION
"09_Documents/EPIC_011_PRODUCTION_BENCHMARK.md",DOCUMENTATION
"09_Documents/EPIC_011_RAG_VALIDATION.md",DOCUMENTATION
"09_Documents/EPIC_011_SECURITY_VALIDATION.md",DOCUMENTATION
"09_Documents/EPIC_011_STATUS_GAP_REPORT.md",DOCUMENTATION
"09_Documents/EPIC_011_VISUAL_VALIDATION.md",DOCUMENTATION
"09_Documents/EPIC_012A_BASELINE_AUDIT.md",DOCUMENTATION
"09_Documents/EPIC_012A_COMPLETION_REPORT.md",DOCUMENTATION
"09_Documents/EPIC_012A_MODEL_SELECTION.md",DOCUMENTATION
"09_Documents/EPIC_012A_PROVIDER_INTELLIGENCE.md",DOCUMENTATION
"09_Documents/EPIC_012A_UX_REFINEMENT.md",DOCUMENTATION
"09_Documents/EPIC_012B_COMPLETION_REPORT.md",DOCUMENTATION
"09_Documents/EPIC_012C_COMPLETION_REPORT.md",DOCUMENTATION
"09_Documents/EPIC_012_BASELINE_AUDIT.md",DOCUMENTATION
"09_Documents/EPIC_012_COMPLETION_REPORT.md",DOCUMENTATION
"09_Documents/EPIC_012_COST_MODEL.md",DOCUMENTATION
"09_Documents/EPIC_012_OBSERVABILITY_ARCHITECTURE.md",DOCUMENTATION
"09_Documents/EPIC_012_OPERATIONS_GUIDE.md",DOCUMENTATION
"09_Documents/EPIC_012_SECURITY_AUDIT.md",DOCUMENTATION
"09_Documents/EPIC_012_TELEMETRY_MODEL.md",DOCUMENTATION
"09_Documents/EPIC_013_COMPLETION_REPORT.md",DOCUMENTATION
"09_Documents/EPIC_014_BASELINE_AUDIT.md",DOCUMENTATION
"09_Documents/EPIC_014_COMPLETION_REPORT.md",DOCUMENTATION
"09_Documents/EPIC_014_EVIDENCE.md",DOCUMENTATION
"09_Documents/EPIC_014_EXECUTION_ARCHITECTURE.md",DOCUMENTATION
"09_Documents/EPIC_014_IMPLEMENTATION_MAP.md",DOCUMENTATION
"09_Documents/EPIC_014_INTEGRATION_CONTRACTS.md",DOCUMENTATION
"09_Documents/EPIC_014_SECURITY.md",DOCUMENTATION
"09_Documents/EPIC_015_ARCHITECTURE.md",DOCUMENTATION
"09_Documents/EPIC_015_BASELINE_AUDIT.md",DOCUMENTATION
"09_Documents/EPIC_015_COMPLETION_REPORT.md",DOCUMENTATION
"09_Documents/EPIC_015_GITHUB_INTELLIGENCE.md",DOCUMENTATION
"09_Documents/EPIC_015_SECURITY_MODEL.md",DOCUMENTATION
"09_Documents/EPIC_016_BRAIN_ARCHITECTURE.md",DOCUMENTATION
"09_Documents/EPIC_016_BRAIN_BASELINE_AUDIT.md",DOCUMENTATION
"09_Documents/EPIC_016_BRAIN_DECISION_MODEL.md",DOCUMENTATION
"09_Documents/EPIC_016_BRAIN_PROVIDER_ORCHESTRATION.md",DOCUMENTATION
"09_Documents/EPIC_016_BRAIN_SECURITY_MODEL.md",DOCUMENTATION
"09_Documents/EPIC_016_COMPLETION_REPORT.md",DOCUMENTATION
"09_Documents/EPIC_017_ARCHITECTURE.md",DOCUMENTATION
"09_Documents/EPIC_017_BASELINE_AUDIT.md",DOCUMENTATION
"09_Documents/EPIC_017_COMPLETION_REPORT.md",DOCUMENTATION
"09_Documents/EPIC_017_EVIDENCE.md",DOCUMENTATION
"09_Documents/EPIC_017_INTEGRATION_CONTRACTS.md",DOCUMENTATION
"09_Documents/EPIC_017_LIVE_INTELLIGENCE.md",DOCUMENTATION
"09_Documents/EPIC_017_SECURITY_MODEL.md",DOCUMENTATION
"09_Documents/EPIC_018_ARCHITECTURE.md",DOCUMENTATION
"09_Documents/EPIC_018_BASELINE_AUDIT.md",DOCUMENTATION
"09_Documents/EPIC_018_COMPLETION_REPORT.md",DOCUMENTATION
"09_Documents/EPIC_018_ENVIRONMENT_MODEL.md",DOCUMENTATION
"09_Documents/EPIC_018_EVIDENCE.md",DOCUMENTATION
"09_Documents/EPIC_018_PREFLIGHT.md",DOCUMENTATION
"09_Documents/EPIC_018_SCHEDULER_COMPLETION_REPORT.md",DOCUMENTATION
"09_Documents/EPIC_018_SCHEDULER_EVIDENCE.md",DOCUMENTATION
"09_Documents/EPIC_018_SCHEDULER_POLICY.md",DOCUMENTATION
"09_Documents/EPIC_018_SCHEDULER_SECURITY.md",DOCUMENTATION
"09_Documents/EPIC_018_SECURITY.md",DOCUMENTATION
"09_Documents/EPIC_018_STARTUP_ARCHITECTURE.md",DOCUMENTATION
"09_Documents/EPIC_019_COMPLETION_REPORT.md",DOCUMENTATION
"09_Documents/EPIC_019_PROVIDER_RUNTIME_MATRIX.md",DOCUMENTATION
"09_Documents/EPIC_020_ARCHITECTURE.md",DOCUMENTATION
"09_Documents/EPIC_020_BASELINE_AUDIT.md",DOCUMENTATION
"09_Documents/EPIC_020_COMPLETION_REPORT.md",DOCUMENTATION
"09_Documents/EPIC_020_DECISION_MODEL.md",DOCUMENTATION
"09_Documents/EPIC_020_EVIDENCE.md",DOCUMENTATION
"09_Documents/EPIC_020_MONEY_INTELLIGENCE.md",DOCUMENTATION
"09_Documents/EPIC_020_ORCHESTRATION_MODEL.md",DOCUMENTATION
"09_Documents/EPIC_020_OUTCOME_COMPLETION_REPORT.md",DOCUMENTATION
"09_Documents/EPIC_020_OUTCOME_EVIDENCE.md",DOCUMENTATION
"09_Documents/EPIC_020_OUTCOME_INTELLIGENCE_ARCHITECTURE.md",DOCUMENTATION
"09_Documents/EPIC_020_OUTCOME_SECURITY.md",DOCUMENTATION
"09_Documents/EPIC_020_PROVIDER_USAGE_MODEL.md",DOCUMENTATION
"09_Documents/EPIC_020_SECURITY_MODEL.md",DOCUMENTATION
"09_Documents/EPIC_020_VALUE_MODEL.md",DOCUMENTATION
"09_Documents/INFRA-001_Completion_Report.md",DOCUMENTATION
"09_Documents/Lessons Learned.md",DOCUMENTATION
"09_Documents/Mission Tracker.md",DOCUMENTATION
"09_Documents/OS-001_Completion_Report.md",DOCUMENTATION
"09_Documents/OS-002_Final_Certification_Report.md",DOCUMENTATION
"09_Documents/OS-003_V1_Release_Report.md",DOCUMENTATION
"09_Documents/Repository Governance.md",DOCUMENTATION
"09_Quality/CHECKLIST.md",DOCUMENTATION
"09_Quality/PERFORMANCE.md",DOCUMENTATION
"09_Quality/RELEASE_CHECKLIST.md",DOCUMENTATION
"09_Quality/TESTING_STRATEGY.md",DOCUMENTATION
"10_Sprints/AIE/README.md",DOCUMENTATION
"10_Sprints/ARC/README.md",DOCUMENTATION
"10_Sprints/BUS/README.md",DOCUMENTATION
"10_Sprints/CMP/README.md",DOCUMENTATION
"10_Sprints/DES/README.md",DOCUMENTATION
"10_Sprints/ENG/README.md",DOCUMENTATION
"10_Sprints/MKT/README.md",DOCUMENTATION
"10_Sprints/OPS/README.md",DOCUMENTATION
"10_Sprints/PRD/README.md",DOCUMENTATION
"10_Sprints/ROADMAP.md",DOCUMENTATION
"10_Sprints/RSH/README.md",DOCUMENTATION
"10_Sprints/VM-002/Review.md",DOCUMENTATION
"11_Implementation/Master Plan/01_Implementation_Strategy.md",DOCUMENTATION
"11_Implementation/Master Plan/02_Phased_Roadmap.md",DOCUMENTATION
"11_Implementation/Master Plan/03_MVP_Definition.md",DOCUMENTATION
"11_Implementation/Master Plan/04_Release_Plan.md",DOCUMENTATION
"11_Implementation/Master Plan/05_Sprint_Structure.md",DOCUMENTATION
"11_Implementation/Master Plan/06_Module_Implementation_Order.md",DOCUMENTATION
"11_Implementation/Master Plan/07_Team_and_AI_Collaboration.md",DOCUMENTATION
"11_Implementation/Master Plan/08_Quality_Assurance.md",DOCUMENTATION
"11_Implementation/Master Plan/09_Risk_Register.md",DOCUMENTATION
"11_Implementation/Master Plan/10_Implementation_Checklist.md",DOCUMENTATION
"BLD-009C_Final_Certification_Report.md",DOCUMENTATION
"CHANGELOG.md",DOCUMENTATION
"CODE_OF_CONDUCT.md",DOCUMENTATION
"CONTRIBUTING.md",DOCUMENTATION
"CURRENT_STATE.md",DOCUMENTATION
"FEATURE_MATRIX.md",DOCUMENTATION
"IMPLEMENTATION_STATUS.md",DOCUMENTATION
"LICENSE",OTHER
"README.md",DOCUMENTATION
"REL-001_Release_Readiness_Report.md",DOCUMENTATION
"REPOSITORY.md",DOCUMENTATION
"REQUIREMENTS_TRACEABILITY.md",DOCUMENTATION
"SECURITY.md",DOCUMENTATION
"apps/README.md",DOCUMENTATION
"apps/web/.env.example",CONFIG
"apps/web/.storybook/main.ts",STORY
"apps/web/.storybook/preview.tsx",STORY
"apps/web/Dockerfile",CONFIG
"apps/web/android/.gitignore",CONFIG
"apps/web/android/app/.gitignore",CONFIG
"apps/web/android/app/build.gradle",OTHER
"apps/web/android/app/capacitor.build.gradle",OTHER
"apps/web/android/app/proguard-rules.pro",OTHER
"apps/web/android/app/src/androidTest/java/com/getcapacitor/myapp/ExampleInstrumentedTest.java",OTHER
"apps/web/android/app/src/main/AndroidManifest.xml",OTHER
"apps/web/android/app/src/main/java/com/vedmoulya/app/MainActivity.java",OTHER
"apps/web/android/app/src/main/res/drawable-land-hdpi/splash.png",OTHER
"apps/web/android/app/src/main/res/drawable-land-mdpi/splash.png",OTHER
"apps/web/android/app/src/main/res/drawable-land-xhdpi/splash.png",OTHER
"apps/web/android/app/src/main/res/drawable-land-xxhdpi/splash.png",OTHER
"apps/web/android/app/src/main/res/drawable-land-xxxhdpi/splash.png",OTHER
"apps/web/android/app/src/main/res/drawable-port-hdpi/splash.png",OTHER
"apps/web/android/app/src/main/res/drawable-port-mdpi/splash.png",OTHER
"apps/web/android/app/src/main/res/drawable-port-xhdpi/splash.png",OTHER
"apps/web/android/app/src/main/res/drawable-port-xxhdpi/splash.png",OTHER
"apps/web/android/app/src/main/res/drawable-port-xxxhdpi/splash.png",OTHER
"apps/web/android/app/src/main/res/drawable-v24/ic_launcher_foreground.xml",OTHER
"apps/web/android/app/src/main/res/drawable/ic_launcher_background.xml",OTHER
"apps/web/android/app/src/main/res/drawable/splash.png",OTHER
"apps/web/android/app/src/main/res/layout/activity_main.xml",OTHER
"apps/web/android/app/src/main/res/mipmap-anydpi-v26/ic_launcher.xml",OTHER
"apps/web/android/app/src/main/res/mipmap-anydpi-v26/ic_launcher_round.xml",OTHER
"apps/web/android/app/src/main/res/mipmap-hdpi/ic_launcher.png",OTHER
"apps/web/android/app/src/main/res/mipmap-hdpi/ic_launcher_foreground.png",OTHER
"apps/web/android/app/src/main/res/mipmap-hdpi/ic_launcher_round.png",OTHER
"apps/web/android/app/src/main/res/mipmap-mdpi/ic_launcher.png",OTHER
"apps/web/android/app/src/main/res/mipmap-mdpi/ic_launcher_foreground.png",OTHER
"apps/web/android/app/src/main/res/mipmap-mdpi/ic_launcher_round.png",OTHER
"apps/web/android/app/src/main/res/mipmap-xhdpi/ic_launcher.png",OTHER
"apps/web/android/app/src/main/res/mipmap-xhdpi/ic_launcher_foreground.png",OTHER
"apps/web/android/app/src/main/res/mipmap-xhdpi/ic_launcher_round.png",OTHER
"apps/web/android/app/src/main/res/mipmap-xxhdpi/ic_launcher.png",OTHER
"apps/web/android/app/src/main/res/mipmap-xxhdpi/ic_launcher_foreground.png",OTHER
"apps/web/android/app/src/main/res/mipmap-xxhdpi/ic_launcher_round.png",OTHER
"apps/web/android/app/src/main/res/mipmap-xxxhdpi/ic_launcher.png",OTHER
"apps/web/android/app/src/main/res/mipmap-xxxhdpi/ic_launcher_foreground.png",OTHER
"apps/web/android/app/src/main/res/mipmap-xxxhdpi/ic_launcher_round.png",OTHER
"apps/web/android/app/src/main/res/values/colors.xml",OTHER
"apps/web/android/app/src/main/res/values/ic_launcher_background.xml",OTHER
"apps/web/android/app/src/main/res/values/strings.xml",OTHER
"apps/web/android/app/src/main/res/values/styles.xml",OTHER
"apps/web/android/app/src/main/res/xml/file_paths.xml",OTHER
"apps/web/android/app/src/test/java/com/getcapacitor/myapp/ExampleUnitTest.java",OTHER
"apps/web/android/build.gradle",OTHER
"apps/web/android/capacitor.settings.gradle",OTHER
"apps/web/android/gradle.properties",OTHER
"apps/web/android/gradle/wrapper/gradle-wrapper.jar",OTHER
"apps/web/android/gradle/wrapper/gradle-wrapper.properties",OTHER
"apps/web/android/gradlew",OTHER
"apps/web/android/gradlew.bat",OTHER
"apps/web/android/settings.gradle",OTHER
"apps/web/android/variables.gradle",OTHER
"apps/web/capacitor.config.ts",CONFIG
"apps/web/e2e-cert-043e.spec.ts",TEST
"apps/web/e2e/a11y-release.spec.ts",TEST
"apps/web/e2e/a11y.spec.ts",TEST
"apps/web/e2e/ai-world-scheduler.spec.ts",TEST
"apps/web/e2e/applications-journey.spec.ts",TEST
"apps/web/e2e/autonomous-builder.spec.ts",TEST
"apps/web/e2e/brain.spec.ts",TEST
"apps/web/e2e/continuous-intelligence.spec.ts",TEST
"apps/web/e2e/ecosystem-intelligence.spec.ts",TEST
"apps/web/e2e/execution-journey.spec.ts",TEST
"apps/web/e2e/helpers/auth-diagnostics.ts",TEST
"apps/web/e2e/helpers/auth.ts",TEST
"apps/web/e2e/helpers/factory-journey.ts",TEST
"apps/web/e2e/live-intelligence-bridge.spec.ts",TEST
"apps/web/e2e/outcome-intelligence.spec.ts",TEST
"apps/web/e2e/user-journey.spec.ts",TEST
"apps/web/e2e/visual-validation.spec.ts",TEST
"apps/web/e2e/visual-validation.spec.ts-snapshots/abap-desktop-chromium-win32.png",TEST
"apps/web/e2e/visual-validation.spec.ts-snapshots/abap-mobile-chromium-win32.png",TEST
"apps/web/e2e/visual-validation.spec.ts-snapshots/abap-tablet-chromium-win32.png",TEST
"apps/web/e2e/visual-validation.spec.ts-snapshots/ai-app-desktop-chromium-win32.png",TEST
"apps/web/e2e/visual-validation.spec.ts-snapshots/ai-app-mobile-chromium-win32.png",TEST
"apps/web/e2e/visual-validation.spec.ts-snapshots/ai-app-tablet-chromium-win32.png",TEST
"apps/web/e2e/visual-validation.spec.ts-snapshots/restaurant-desktop-chromium-win32.png",TEST
"apps/web/e2e/visual-validation.spec.ts-snapshots/restaurant-mobile-chromium-win32.png",TEST
"apps/web/e2e/visual-validation.spec.ts-snapshots/restaurant-tablet-chromium-win32.png",TEST
"apps/web/next-env.d.ts",OTHER
"apps/web/next.config.ts",CONFIG
"apps/web/package.json",CONFIG
"apps/web/playwright.a11y.config.ts",CONFIG
"apps/web/playwright.config.ts",CONFIG
"apps/web/postcss.config.js",CONFIG
"apps/web/public/manifest.json",OTHER
"apps/web/public/sw.js",OTHER
"apps/web/scripts/build-android.sh",OTHER
"apps/web/scripts/build-mobile.mjs",OTHER
"apps/web/scripts/run-next.mjs",OTHER
"apps/web/src/app/ai-world/page.tsx",PRODUCTION
"apps/web/src/app/ai-world/scheduler-ui.test.tsx",TEST
"apps/web/src/app/ai-world/scheduler-ui.ts",PRODUCTION
"apps/web/src/app/api/metrics/route.ts",PRODUCTION
"apps/web/src/app/api/trpc/[trpc]/route.ts",PRODUCTION
"apps/web/src/app/api/v1/identity/auth/[...path]/route.ts",PRODUCTION
"apps/web/src/app/applications/builder.tsx",PRODUCTION
"apps/web/src/app/applications/page.tsx",PRODUCTION
"apps/web/src/app/applications/workspace.tsx",PRODUCTION
"apps/web/src/app/autonomous-builder/ActivityLog.tsx",PRODUCTION
"apps/web/src/app/autonomous-builder/LiveMissionView.tsx",PRODUCTION
"apps/web/src/app/autonomous-builder/ObjectiveTimeline.tsx",PRODUCTION
"apps/web/src/app/autonomous-builder/__tests__/LiveMissionView.test.tsx",TEST
"apps/web/src/app/autonomous-builder/page.tsx",PRODUCTION
"apps/web/src/app/brain/__tests__/brain-ui.test.tsx",TEST
"apps/web/src/app/brain/brain-dashboard.tsx",PRODUCTION
"apps/web/src/app/brain/brain-panels.tsx",PRODUCTION
"apps/web/src/app/brain/brain-ui.tsx",PRODUCTION
"apps/web/src/app/brain/page.tsx",PRODUCTION
"apps/web/src/app/business/page.tsx",PRODUCTION
"apps/web/src/app/capabilities/page.tsx",PRODUCTION
"apps/web/src/app/capability-marketplace/page.tsx",PRODUCTION
"apps/web/src/app/career/page.tsx",PRODUCTION
"apps/web/src/app/content-agency/_components/AgencySubNav.tsx",PRODUCTION
"apps/web/src/app/content-agency/_components/use-agency-page.ts",PRODUCTION
"apps/web/src/app/content-agency/analytics/page.tsx",PRODUCTION
"apps/web/src/app/content-agency/brands/page.tsx",PRODUCTION
"apps/web/src/app/content-agency/calendar/page.tsx",PRODUCTION
"apps/web/src/app/content-agency/client-detail/page.tsx",PRODUCTION
"apps/web/src/app/content-agency/clients/page.tsx",PRODUCTION
"apps/web/src/app/content-agency/delivery/page.tsx",PRODUCTION
"apps/web/src/app/content-agency/generator/page.tsx",PRODUCTION
"apps/web/src/app/content-agency/invoices/page.tsx",PRODUCTION
"apps/web/src/app/content-agency/ops/contracts/page.tsx",PRODUCTION
"apps/web/src/app/content-agency/ops/crm/page.tsx",PRODUCTION
"apps/web/src/app/content-agency/ops/documents/page.tsx",PRODUCTION
"apps/web/src/app/content-agency/ops/notifications/page.tsx",PRODUCTION
"apps/web/src/app/content-agency/ops/page.tsx",PRODUCTION
"apps/web/src/app/content-agency/ops/payments/page.tsx",PRODUCTION
"apps/web/src/app/content-agency/ops/portal/page.tsx",PRODUCTION
"apps/web/src/app/content-agency/ops/proposals/page.tsx",PRODUCTION
"apps/web/src/app/content-agency/ops/quotations/page.tsx",PRODUCTION
"apps/web/src/app/content-agency/page.tsx",PRODUCTION
"apps/web/src/app/content-agency/projects/page.tsx",PRODUCTION
"apps/web/src/app/content-agency/review/page.tsx",PRODUCTION
"apps/web/src/app/context-fabric/business-graph-view.tsx",PRODUCTION
"apps/web/src/app/context-fabric/components.tsx",PRODUCTION
"apps/web/src/app/context-fabric/diagnostics-view.tsx",PRODUCTION
"apps/web/src/app/context-fabric/fabric-ui.ts",PRODUCTION
"apps/web/src/app/context-fabric/overview-view.tsx",PRODUCTION
"apps/web/src/app/context-fabric/package-view.tsx",PRODUCTION
"apps/web/src/app/context-fabric/page.tsx",PRODUCTION
"apps/web/src/app/context-fabric/permissions-view.tsx",PRODUCTION
"apps/web/src/app/context-fabric/personal-graph-view.tsx",PRODUCTION
"apps/web/src/app/context-fabric/provenance-view.tsx",PRODUCTION
"apps/web/src/app/context-fabric/search-view.tsx",PRODUCTION
"apps/web/src/app/context/page.tsx",PRODUCTION
"apps/web/src/app/ecosystem-intelligence/github-panel.tsx",PRODUCTION
"apps/web/src/app/ecosystem-intelligence/intelligence-ui.test.tsx",TEST
"apps/web/src/app/ecosystem-intelligence/intelligence-ui.ts",PRODUCTION
"apps/web/src/app/ecosystem-intelligence/memory-panel.tsx",PRODUCTION
"apps/web/src/app/ecosystem-intelligence/page.tsx",PRODUCTION
"apps/web/src/app/ecosystem-intelligence/repository-panel.tsx",PRODUCTION
"apps/web/src/app/ecosystem-intelligence/task-panel.tsx",PRODUCTION
"apps/web/src/app/ecosystem/page.tsx",PRODUCTION
"apps/web/src/app/enterprise-brain/analytics-view.tsx",PRODUCTION
"apps/web/src/app/enterprise-brain/brain-ui.tsx",PRODUCTION
"apps/web/src/app/enterprise-brain/comparison-view.tsx",PRODUCTION
"apps/web/src/app/enterprise-brain/components.tsx",PRODUCTION
"apps/web/src/app/enterprise-brain/confidence-view.tsx",PRODUCTION
"apps/web/src/app/enterprise-brain/dashboard-view.tsx",PRODUCTION
"apps/web/src/app/enterprise-brain/explorer-view.tsx",PRODUCTION
"apps/web/src/app/enterprise-brain/history-view.tsx",PRODUCTION
"apps/web/src/app/enterprise-brain/page.tsx",PRODUCTION
"apps/web/src/app/enterprise-brain/recommendations-view.tsx",PRODUCTION
"apps/web/src/app/enterprise-brain/timeline-view.tsx",PRODUCTION
"apps/web/src/app/execution-strategy/components.tsx",PRODUCTION
"apps/web/src/app/execution-strategy/page.tsx",PRODUCTION
"apps/web/src/app/execution/components.tsx",PRODUCTION
"apps/web/src/app/execution/explorer-data.ts",PRODUCTION
"apps/web/src/app/execution/graph-studio-view.tsx",PRODUCTION
"apps/web/src/app/execution/page.tsx",PRODUCTION
"apps/web/src/app/execution/sessions-view.tsx",PRODUCTION
"apps/web/src/app/execution/workers-view.tsx",PRODUCTION
"apps/web/src/app/globals.css",OTHER
"apps/web/src/app/goals/components.tsx",PRODUCTION
"apps/web/src/app/goals/explorer-data.ts",PRODUCTION
"apps/web/src/app/goals/lifecycle-view.tsx",PRODUCTION
"apps/web/src/app/goals/page.tsx",PRODUCTION
"apps/web/src/app/goals/problem-panel.tsx",PRODUCTION
"apps/web/src/app/goals/task-graph-view.tsx",PRODUCTION
"apps/web/src/app/health/check/route.ts",PRODUCTION
"apps/web/src/app/health/live/route.ts",PRODUCTION
"apps/web/src/app/health/ready/route.ts",PRODUCTION
"apps/web/src/app/intelligence/page.tsx",PRODUCTION
"apps/web/src/app/knowledge/analytics-view.tsx",PRODUCTION
"apps/web/src/app/knowledge/components.tsx",PRODUCTION
"apps/web/src/app/knowledge/consumers-view.tsx",PRODUCTION
"apps/web/src/app/knowledge/dashboard-view.tsx",PRODUCTION
"apps/web/src/app/knowledge/dependencies-view.tsx",PRODUCTION
"apps/web/src/app/knowledge/explorer-view.tsx",PRODUCTION
"apps/web/src/app/knowledge/knowledge-ui.tsx",PRODUCTION
"apps/web/src/app/knowledge/page.tsx",PRODUCTION
"apps/web/src/app/knowledge/relationships-view.tsx",PRODUCTION
"apps/web/src/app/knowledge/search-view.tsx",PRODUCTION
"apps/web/src/app/knowledge/timeline-view.tsx",PRODUCTION
"apps/web/src/app/knowledge/trust-view.tsx",PRODUCTION
"apps/web/src/app/knowledge/versions-view.tsx",PRODUCTION
"apps/web/src/app/layout.tsx",PRODUCTION
"apps/web/src/app/learning-intelligence/analytics-view.tsx",PRODUCTION
"apps/web/src/app/learning-intelligence/components.tsx",PRODUCTION
"apps/web/src/app/learning-intelligence/dashboard-view.tsx",PRODUCTION
"apps/web/src/app/learning-intelligence/explorer-view.tsx",PRODUCTION
"apps/web/src/app/learning-intelligence/insights-view.tsx",PRODUCTION
"apps/web/src/app/learning-intelligence/learning-ui.tsx",PRODUCTION
"apps/web/src/app/learning-intelligence/page.tsx",PRODUCTION
"apps/web/src/app/learning-intelligence/recommendations-view.tsx",PRODUCTION
"apps/web/src/app/learning-intelligence/timeline-view.tsx",PRODUCTION
"apps/web/src/app/learning/page.tsx",PRODUCTION
"apps/web/src/app/live-intelligence/bridge-panels.tsx",PRODUCTION
"apps/web/src/app/live-intelligence/bridge-ui.ts",PRODUCTION
"apps/web/src/app/live-intelligence/page.tsx",PRODUCTION
"apps/web/src/app/login/GoogleIcon.tsx",PRODUCTION
"apps/web/src/app/login/__tests__/page.test.tsx",TEST
"apps/web/src/app/login/page.tsx",PRODUCTION
"apps/web/src/app/loop/page.tsx",PRODUCTION
"apps/web/src/app/marketplace/page.tsx",PRODUCTION
"apps/web/src/app/memory/analytics-view.tsx",PRODUCTION
"apps/web/src/app/memory/components.tsx",PRODUCTION
"apps/web/src/app/memory/compression-view.tsx",PRODUCTION
"apps/web/src/app/memory/dashboard-view.tsx",PRODUCTION
"apps/web/src/app/memory/explorer-view.tsx",PRODUCTION
"apps/web/src/app/memory/importance-view.tsx",PRODUCTION
"apps/web/src/app/memory/memory-ui.tsx",PRODUCTION
"apps/web/src/app/memory/page.tsx",PRODUCTION
"apps/web/src/app/memory/relationships-view.tsx",PRODUCTION
"apps/web/src/app/memory/retention-view.tsx",PRODUCTION
"apps/web/src/app/memory/retrieval-view.tsx",PRODUCTION
"apps/web/src/app/memory/timeline-view.tsx",PRODUCTION
"apps/web/src/app/oauth2redirect/page.tsx",PRODUCTION
"apps/web/src/app/onboarding/profile/__tests__/page.test.tsx",TEST
"apps/web/src/app/onboarding/profile/page.tsx",PRODUCTION
"apps/web/src/app/os/components.tsx",PRODUCTION
"apps/web/src/app/os/dashboard-view.tsx",PRODUCTION
"apps/web/src/app/os/dependencies-view.tsx",PRODUCTION
"apps/web/src/app/os/diagnostics-view.tsx",PRODUCTION
"apps/web/src/app/os/os-ui.tsx",PRODUCTION
"apps/web/src/app/os/page.tsx",PRODUCTION
"apps/web/src/app/os/performance-view.tsx",PRODUCTION
"apps/web/src/app/os/pipeline-view.tsx",PRODUCTION
"apps/web/src/app/os/snapshots-view.tsx",PRODUCTION
"apps/web/src/app/page.tsx",PRODUCTION
"apps/web/src/app/portal/_components/PortalShell.tsx",PRODUCTION
"apps/web/src/app/portal/content/page.tsx",PRODUCTION
"apps/web/src/app/portal/deliverables/page.tsx",PRODUCTION
"apps/web/src/app/portal/invoices/page.tsx",PRODUCTION
"apps/web/src/app/portal/login/page.tsx",PRODUCTION
"apps/web/src/app/portal/page.tsx",PRODUCTION
"apps/web/src/app/providers/AIBalanceWidget.tsx",PRODUCTION
"apps/web/src/app/providers/AddProviderPanel.tsx",PRODUCTION
"apps/web/src/app/providers/ModelSelector.tsx",PRODUCTION
"apps/web/src/app/providers/OpenAIOrgUsagePanel.tsx",PRODUCTION
"apps/web/src/app/providers/ProviderDetailView.tsx",PRODUCTION
"apps/web/src/app/providers/UsageAvailabilityWidget.tsx",PRODUCTION
"apps/web/src/app/providers/__tests__/AIBalanceWidget.test.tsx",TEST
"apps/web/src/app/providers/__tests__/ModelSelector.test.tsx",TEST
"apps/web/src/app/providers/__tests__/OpenAIOrgUsagePanel.test.tsx",TEST
"apps/web/src/app/providers/__tests__/UsageAvailabilityWidget.test.tsx",TEST
"apps/web/src/app/providers/__tests__/provider-readiness.test.ts",TEST
"apps/web/src/app/providers/benchmark-view.tsx",PRODUCTION
"apps/web/src/app/providers/model-registry-view.tsx",PRODUCTION
"apps/web/src/app/providers/page.tsx",PRODUCTION
"apps/web/src/app/providers/provider-readiness.ts",PRODUCTION
"apps/web/src/app/sections/AIInsights.tsx",PRODUCTION
"apps/web/src/app/sections/AISummaryCard.tsx",PRODUCTION
"apps/web/src/app/sections/AskAIInput.tsx",PRODUCTION
"apps/web/src/app/sections/DashboardSkeleton.tsx",PRODUCTION
"apps/web/src/app/sections/DecisionCenter.tsx",PRODUCTION
"apps/web/src/app/sections/ExecutionCenter.tsx",PRODUCTION
"apps/web/src/app/sections/JourneyOverview.tsx",PRODUCTION
"apps/web/src/app/sections/MemoryTimeline.tsx",PRODUCTION
"apps/web/src/app/sections/ModuleStatusGrid.tsx",PRODUCTION
"apps/web/src/app/sections/NotificationsPanel.tsx",PRODUCTION
"apps/web/src/app/sections/PrioritiesList.tsx",PRODUCTION
"apps/web/src/app/sections/ProfileCard.tsx",PRODUCTION
"apps/web/src/app/sections/QuickActions.tsx",PRODUCTION
"apps/web/src/app/sections/RecommendationsPanel.tsx",PRODUCTION
"apps/web/src/app/sections/TodayMissionCard.tsx",PRODUCTION
"apps/web/src/app/sections/TopPriorityCard.tsx",PRODUCTION
"apps/web/src/app/sections/__tests__/AskAIInput.test.tsx",TEST
"apps/web/src/app/sections/__tests__/founder-dashboard-sections.test.tsx",TEST
"apps/web/src/app/sections/types.ts",PRODUCTION
"apps/web/src/app/settings/page.tsx",PRODUCTION
"apps/web/src/app/signup/__tests__/page.test.tsx",TEST
"apps/web/src/app/signup/page.tsx",PRODUCTION
"apps/web/src/app/verify-email/page.tsx",PRODUCTION
"apps/web/src/auth/__tests__/auth-api.test.ts",TEST
"apps/web/src/auth/__tests__/auth-app.test.ts",TEST
"apps/web/src/auth/__tests__/auth-link.test.ts",TEST
"apps/web/src/auth/__tests__/secure-store.test.ts",TEST
"apps/web/src/auth/__tests__/session-manager.test.ts",TEST
"apps/web/src/auth/auth-api.ts",PRODUCTION
"apps/web/src/auth/auth-link.ts",PRODUCTION
"apps/web/src/auth/config.ts",PRODUCTION
"apps/web/src/auth/platform.ts",PRODUCTION
"apps/web/src/auth/secure-store.ts",PRODUCTION
"apps/web/src/auth/session-manager.ts",PRODUCTION
"apps/web/src/components/AICompanion.tsx",PRODUCTION
"apps/web/src/components/AIWorldBell.tsx",PRODUCTION
"apps/web/src/components/AppShell.tsx",PRODUCTION
"apps/web/src/components/AuthBootstrap.tsx",PRODUCTION
"apps/web/src/components/CommandCenter.tsx",PRODUCTION
"apps/web/src/components/CommandPalette.tsx",PRODUCTION
"apps/web/src/components/ControlPanel.tsx",PRODUCTION
"apps/web/src/components/ErrorBoundary.tsx",PRODUCTION
"apps/web/src/components/EvidenceEntryPanel.tsx",PRODUCTION
"apps/web/src/components/FabricPanel.tsx",PRODUCTION
"apps/web/src/components/MobileTabBar.tsx",PRODUCTION
"apps/web/src/components/NotificationsDrawer.tsx",PRODUCTION
"apps/web/src/components/OfflineBanner.tsx",PRODUCTION
"apps/web/src/components/OllamaFirstRunDialog.tsx",PRODUCTION
"apps/web/src/components/OnboardingRedirect.tsx",PRODUCTION
"apps/web/src/components/PWAProvider.tsx",PRODUCTION
"apps/web/src/components/ProactivePanel.tsx",PRODUCTION
"apps/web/src/components/Providers.tsx",PRODUCTION
"apps/web/src/components/SignInRedirect.tsx",PRODUCTION
"apps/web/src/components/VoicePanel.tsx",PRODUCTION
"apps/web/src/components/WorldPanel.tsx",PRODUCTION
"apps/web/src/components/__tests__/AICompanion.test.tsx",TEST
"apps/web/src/components/__tests__/CommandCenter.test.tsx",TEST
"apps/web/src/components/__tests__/ControlPanel.test.tsx",TEST
"apps/web/src/components/__tests__/EvidenceEntryPanel.test.tsx",TEST
"apps/web/src/components/__tests__/FabricPanel.test.tsx",TEST
"apps/web/src/components/__tests__/OllamaFirstRunDialog.test.tsx",TEST
"apps/web/src/components/__tests__/OnboardingRedirect.test.tsx",TEST
"apps/web/src/components/__tests__/ProactivePanel.test.tsx",TEST
"apps/web/src/components/__tests__/VoicePanel.test.tsx",TEST
"apps/web/src/components/__tests__/WorldPanel.test.tsx",TEST
"apps/web/src/components/ai-world/AIWorldDrawer.tsx",PRODUCTION
"apps/web/src/components/ai-world/DiscoveryItemCard.tsx",PRODUCTION
"apps/web/src/components/ai-world/DiscoverySchedulePanel.tsx",PRODUCTION
"apps/web/src/components/capability/AIPlanInsightCard.tsx",PRODUCTION
"apps/web/src/components/capability/CapabilityPlanBuilder.tsx",PRODUCTION
"apps/web/src/components/execution/ExecutionRunner.tsx",PRODUCTION
"apps/web/src/components/spatial/DigitalTwinSpatial.tsx",PRODUCTION
"apps/web/src/components/spatial/IntelligenceGraph.tsx",PRODUCTION
"apps/web/src/components/spatial/OpportunityRadarSpatial.tsx",PRODUCTION
"apps/web/src/components/spatial/__tests__/DigitalTwinSpatial.test.tsx",TEST
"apps/web/src/components/spatial/__tests__/IntelligenceGraph.test.tsx",TEST
"apps/web/src/components/spatial/__tests__/OpportunityRadarSpatial.test.tsx",TEST
"apps/web/src/lib/__tests__/dashboard-cache.test.ts",TEST
"apps/web/src/lib/__tests__/haptics.test.ts",TEST
"apps/web/src/lib/__tests__/mobile-nav.test.ts",TEST
"apps/web/src/lib/__tests__/native.test.ts",TEST
"apps/web/src/lib/__tests__/network-status.test.tsx",TEST
"apps/web/src/lib/api-client.ts",PRODUCTION
"apps/web/src/lib/auth-app.ts",PRODUCTION
"apps/web/src/lib/auth-rate-limit.test.ts",TEST
"apps/web/src/lib/auth-rate-limit.ts",PRODUCTION
"apps/web/src/lib/cors.ts",PRODUCTION
"apps/web/src/lib/dashboard-cache.ts",PRODUCTION
"apps/web/src/lib/haptics.ts",PRODUCTION
"apps/web/src/lib/intelligence-graph-data.ts",PRODUCTION
"apps/web/src/lib/mobile-nav.ts",PRODUCTION
"apps/web/src/lib/native.ts",PRODUCTION
"apps/web/src/lib/portal-session.ts",PRODUCTION
"apps/web/src/lib/spatial/__tests__/radar-mappings.test.ts",TEST
"apps/web/src/lib/spatial/radar-mappings.ts",PRODUCTION
"apps/web/src/lib/startup.ts",PRODUCTION
"apps/web/src/lib/trpc.ts",PRODUCTION
"apps/web/src/lib/use-network-status.ts",PRODUCTION
"apps/web/src/lib/use-pull-to-refresh.ts",PRODUCTION
"apps/web/src/stores/auth-store.ts",PRODUCTION
"apps/web/src/stores/first-run-store.ts",PRODUCTION
"apps/web/src/stores/navigation-store.ts",PRODUCTION
"apps/web/src/stores/ui-store.ts",PRODUCTION
"apps/web/src/stories/AICompanion.stories.tsx",STORY
"apps/web/src/stories/AIInsights.stories.tsx",STORY
"apps/web/src/stories/CommandPalette.stories.tsx",STORY
"apps/web/src/stories/ContextFabric.stories.tsx",STORY
"apps/web/src/stories/DecisionCenter.stories.tsx",STORY
"apps/web/src/stories/EnterpriseBrain.stories.tsx",STORY
"apps/web/src/stories/ErrorBoundary.stories.tsx",STORY
"apps/web/src/stories/ExecutionCenter.stories.tsx",STORY
"apps/web/src/stories/ExecutionExplorer.stories.tsx",STORY
"apps/web/src/stories/ExecutionStrategyExplorer.stories.tsx",STORY
"apps/web/src/stories/GoalExplorer.stories.tsx",STORY
"apps/web/src/stories/JourneyOverview.stories.tsx",STORY
"apps/web/src/stories/KnowledgeIntelligence.stories.tsx",STORY
"apps/web/src/stories/LearningIntelligence.stories.tsx",STORY
"apps/web/src/stories/MemoryIntelligence.stories.tsx",STORY
"apps/web/src/stories/MemoryTimeline.stories.tsx",STORY
"apps/web/src/stories/ModuleStatusGrid.stories.tsx",STORY
"apps/web/src/stories/NotificationsDrawer.stories.tsx",STORY
"apps/web/src/stories/NotificationsPanel.stories.tsx",STORY
"apps/web/src/stories/OS.stories.tsx",STORY
"apps/web/src/stories/PrioritiesList.stories.tsx",STORY
"apps/web/src/stories/QuickActions.stories.tsx",STORY
"apps/web/src/stories/RecommendationsPanel.stories.tsx",STORY
"apps/web/src/stories/TopPriorityCard.stories.tsx",STORY
"apps/web/tsconfig.json",CONFIG
"apps/web/vitest.config.ts",CONFIG
"commitlint.config.ts",CONFIG
"configs/README.md",DOCUMENTATION
"configs/observability/grafana/dashboards/ai-metrics.json",OTHER
"configs/observability/grafana/dashboards/platform-overview.json",OTHER
"configs/observability/grafana/provisioning/dashboards/dashboards.yml",OTHER
"configs/observability/grafana/provisioning/datasources/datasources.yml",OTHER
"configs/observability/otel-collector.yaml",OTHER
"configs/observability/prometheus.yml",OTHER
"docker-compose.yml",CONFIG
"docs/AC-002.5_First_Client_Readiness_Report.md",DOCUMENTATION
"docs/AC-002.5_Workflow_Simulation.md",DOCUMENTATION
"docs/BLD-010A_Certification_Report.md",DOCUMENTATION
"docs/BLD-010B_Certification_Report.md",DOCUMENTATION
"docs/BLD-011A_Certification_Report.md",DOCUMENTATION
"docs/BLD-011_Implementation_Report.md",DOCUMENTATION
"docs/BLD-012A_Certification_Report.md",DOCUMENTATION
"docs/BLD-012_Implementation_Report.md",DOCUMENTATION
"docs/BLD-013A_Certification_Report.md",DOCUMENTATION
"docs/BLD-013_Implementation_Report.md",DOCUMENTATION
"docs/BLD-014A_Certification_Report.md",DOCUMENTATION
"docs/BLD-014_Implementation_Report.md",DOCUMENTATION
"docs/BLD-015A_Certification_Report.md",DOCUMENTATION
"docs/BLD-015_Implementation_Report.md",DOCUMENTATION
"docs/BLD-016A_Implementation_Report.md",DOCUMENTATION
"docs/BLD-016B_Implementation_Report.md",DOCUMENTATION
"docs/BLD-016C_Certification_Report.md",DOCUMENTATION
"docs/BLD-016C_Implementation_Report.md",DOCUMENTATION
"docs/BLD-017A_Planning_Intelligence_Report.md",DOCUMENTATION
"docs/BLD-018A_Adaptive_Loop_Report.md",DOCUMENTATION
"docs/BLD-019A_Execution_Memory_Report.md",DOCUMENTATION
"docs/BLD-024_Mission_Control_Report.md",DOCUMENTATION
"docs/CERT-001_Ultimate_Enterprise_Certification_Report.md",DOCUMENTATION
"docs/CERT-002_Completion_Report.md",DOCUMENTATION
"docs/CVE_TRACKING.md",DOCUMENTATION
"docs/DEPENDENCY_POLICY.md",DOCUMENTATION
"docs/OS-003_Release_Checklist.md",DOCUMENTATION
"docs/OS-003_Release_Engineering.md",DOCUMENTATION
"docs/OS-003_Release_Notes.md",DOCUMENTATION
"docs/PLATFORM_CLOSURE_REPORT.md",DOCUMENTATION
"docs/PROJECT_REPORT_2026-07-31.md",DOCUMENTATION
"docs/RC-001_D01_Repository_Audit_Report.md",DOCUMENTATION
"docs/RC-001_D02_Platform_Inventory.md",DOCUMENTATION
"docs/RC-001_D03_Feature_Inventory.md",DOCUMENTATION
"docs/RC-001_D04_Architecture_Verification_Report.md",DOCUMENTATION
"docs/RC-001_D05_Dependency_Audit_Report.md",DOCUMENTATION
"docs/RC-001_D06_API_Manifest.md",DOCUMENTATION
"docs/RC-001_D07_Configuration_Audit.md",DOCUMENTATION
"docs/RC-001_D08_Security_Review.md",DOCUMENTATION
"docs/RC-001_D09_Performance_Review.md",DOCUMENTATION
"docs/RC-001_D10_Documentation_Audit.md",DOCUMENTATION
"docs/RC-001_D11_Version_Manifest.md",DOCUMENTATION
"docs/RC-001_D12_Module_Manifest.md",DOCUMENTATION
"docs/RC-001_D13_Dependency_Manifest.md",DOCUMENTATION
"docs/RC-001_D14_Platform_Manifest.md",DOCUMENTATION
"docs/RC-001_D15_Release_Manifest.md",DOCUMENTATION
"docs/RC-001_D16_Risk_Register.md",DOCUMENTATION
"docs/RC-001_D17_Known_Limitations.md",DOCUMENTATION
"docs/RC-001_D18_Release_Notes_Draft.md",DOCUMENTATION
"docs/RC-001_D19_Go_NoGo_Recommendation.md",DOCUMENTATION
"docs/RC-001_D20_Final_Report.md",DOCUMENTATION
"docs/RC-001_Release_Candidate_Strategy.md",DOCUMENTATION
"docs/RC-002_Final_Report.md",DOCUMENTATION
"docs/RC-003_Platform_Closure_Report.md",DOCUMENTATION
"docs/RC-003_Production_Approval_Report.md",DOCUMENTATION
"docs/README.md",DOCUMENTATION
"docs/api/API_REFERENCE.md",DOCUMENTATION
"docs/api/CAPABILITY_HEALTH_ROUTING.md",DOCUMENTATION
"docs/api/PROVIDER_USAGE_INGESTION.md",DOCUMENTATION
"docs/api/ROUTING_EVIDENCE.md",DOCUMENTATION
"docs/business/CONTRACT_TEMPLATE.md",DOCUMENTATION
"docs/business/INVOICE_TEMPLATE.md",DOCUMENTATION
"docs/business/PROPOSAL_TEMPLATE.md",DOCUMENTATION
"docs/business/SERVICE_PACKAGES.md",DOCUMENTATION
"docs/guides/ADMINISTRATOR_GUIDE.md",DOCUMENTATION
"docs/guides/AGENCY_USER_GUIDE.md",DOCUMENTATION
"docs/guides/CLIENT_WORKFLOW_GUIDE.md",DOCUMENTATION
"docs/guides/DEVELOPER_SETUP.md",DOCUMENTATION
"docs/guides/MODULE_REFERENCE.md",DOCUMENTATION
"docs/mobile/AC-001_Content_Agency.md",DOCUMENTATION
"docs/mobile/MOB-001_Auth.md",DOCUMENTATION
"docs/mobile/MOB-002_Mobile_Experience.md",DOCUMENTATION
"docs/ops/DEPLOYMENT_GUIDE.md",DOCUMENTATION
"docs/ops/ROLLBACK_GUIDE.md",DOCUMENTATION
"docs/ops/SECRET_ROTATION.md",DOCUMENTATION
"docs/runbooks/backup-restore-runbook.md",DOCUMENTATION
"docs/runbooks/deployment-runbook.md",DOCUMENTATION
"docs/runbooks/monitoring-runbook.md",DOCUMENTATION
"docs/runbooks/rollback-runbook.md",DOCUMENTATION
"eslint.config.js",CONFIG
"examples/README.md",DOCUMENTATION
"package-lock.json",CONFIG
"package.json",CONFIG
"packages/README.md",DOCUMENTATION
"packages/adaptive-loop/package.json",CONFIG
"packages/adaptive-loop/src/__tests__/adaptive-approval-store.test.ts",TEST
"packages/adaptive-loop/src/__tests__/adaptive-engine.test.ts",TEST
"packages/adaptive-loop/src/__tests__/adaptive-loop-service.test.ts",TEST
"packages/adaptive-loop/src/__tests__/ai-decision-port.test.ts",TEST
"packages/adaptive-loop/src/__tests__/decision-validation.test.ts",TEST
"packages/adaptive-loop/src/__tests__/decision.test.ts",TEST
"packages/adaptive-loop/src/__tests__/fixtures.ts",TEST
"packages/adaptive-loop/src/__tests__/loop-guard.test.ts",TEST
"packages/adaptive-loop/src/__tests__/observation.test.ts",TEST
"packages/adaptive-loop/src/application/AdaptiveLoopService.ts",PRODUCTION
"packages/adaptive-loop/src/contracts/adaptive-loop-ports.ts",PRODUCTION
"packages/adaptive-loop/src/domain/adaptive-context.ts",PRODUCTION
"packages/adaptive-loop/src/domain/adaptive-engine.ts",PRODUCTION
"packages/adaptive-loop/src/domain/decision-validation.ts",PRODUCTION
"packages/adaptive-loop/src/domain/decision.ts",PRODUCTION
"packages/adaptive-loop/src/domain/loop-guard.ts",PRODUCTION
"packages/adaptive-loop/src/domain/observation.ts",PRODUCTION
"packages/adaptive-loop/src/index.ts",PRODUCTION
"packages/adaptive-loop/src/infrastructure/AIOrchestrationDecisionPort.ts",PRODUCTION
"packages/adaptive-loop/src/infrastructure/InMemoryAdaptiveApprovalStore.ts",PRODUCTION
"packages/adaptive-loop/src/types/adaptive-loop-types.ts",PRODUCTION
"packages/adaptive-loop/tsconfig.json",CONFIG
"packages/adaptive-loop/vitest.config.ts",CONFIG
"packages/agent-execution/package.json",CONFIG
"packages/agent-execution/src/__tests__/application-service.test.ts",TEST
"packages/agent-execution/src/__tests__/execution-engine.test.ts",TEST
"packages/agent-execution/src/__tests__/fixtures.ts",TEST
"packages/agent-execution/src/__tests__/plan-validation.test.ts",TEST
"packages/agent-execution/src/__tests__/recovery.test.ts",TEST
"packages/agent-execution/src/__tests__/sanitize.test.ts",TEST
"packages/agent-execution/src/__tests__/verification.test.ts",TEST
"packages/agent-execution/src/application/AgentExecutionService.ts",PRODUCTION
"packages/agent-execution/src/contracts/agent-execution-ports.ts",PRODUCTION
"packages/agent-execution/src/domain/AgentExecutionEngine.ts",PRODUCTION
"packages/agent-execution/src/domain/PlanValidator.ts",PRODUCTION
"packages/agent-execution/src/domain/approval-policy.ts",PRODUCTION
"packages/agent-execution/src/domain/recovery.ts",PRODUCTION
"packages/agent-execution/src/domain/sanitize.ts",PRODUCTION
"packages/agent-execution/src/domain/trace.ts",PRODUCTION
"packages/agent-execution/src/domain/verification.ts",PRODUCTION
"packages/agent-execution/src/index.ts",PRODUCTION
"packages/agent-execution/src/infrastructure/AIOrchestrationAgentPort.ts",PRODUCTION
"packages/agent-execution/src/infrastructure/InMemoryAgentExecutionStore.ts",PRODUCTION
"packages/agent-execution/src/infrastructure/SystemClock.ts",PRODUCTION
"packages/agent-execution/src/infrastructure/ToolRegistryAgentPort.ts",PRODUCTION
"packages/agent-execution/src/infrastructure/__tests__/AIOrchestrationAgentPort.test.ts",TEST
"packages/agent-execution/src/infrastructure/__tests__/ToolRegistryAgentPort.test.ts",TEST
"packages/agent-execution/src/infrastructure/__tests__/agent-execution-integration.test.ts",TEST
"packages/agent-execution/src/types/agent-execution-types.ts",PRODUCTION
"packages/agent-execution/tsconfig.json",CONFIG
"packages/agent-execution/vitest.config.ts",CONFIG
"packages/ai-world-scheduler/package.json",CONFIG
"packages/ai-world-scheduler/src/__tests__/DiscoveryScheduler.test.ts",TEST
"packages/ai-world-scheduler/src/__tests__/RunBudgetGuard.test.ts",TEST
"packages/ai-world-scheduler/src/__tests__/ScheduleEngine.test.ts",TEST
"packages/ai-world-scheduler/src/__tests__/SchedulerApplicationService.test.ts",TEST
"packages/ai-world-scheduler/src/application/SchedulerApplicationService.ts",PRODUCTION
"packages/ai-world-scheduler/src/contracts/scheduler-ports.ts",PRODUCTION
"packages/ai-world-scheduler/src/domain/ChangeDetector.ts",PRODUCTION
"packages/ai-world-scheduler/src/domain/CooldownManager.ts",PRODUCTION
"packages/ai-world-scheduler/src/domain/DiscoveryJobPolicy.ts",PRODUCTION
"packages/ai-world-scheduler/src/domain/DiscoveryScheduler.ts",PRODUCTION
"packages/ai-world-scheduler/src/domain/RunBudgetGuard.ts",PRODUCTION
"packages/ai-world-scheduler/src/domain/ScheduleEngine.ts",PRODUCTION
"packages/ai-world-scheduler/src/domain/SourcePolicyEngine.ts",PRODUCTION
"packages/ai-world-scheduler/src/index.ts",PRODUCTION
"packages/ai-world-scheduler/src/infrastructure/InMemorySchedulerStores.ts",PRODUCTION
"packages/ai-world-scheduler/src/infrastructure/PostgresSchedulerStores.ts",PRODUCTION
"packages/ai-world-scheduler/src/infrastructure/__tests__/PostgresSchedulerStores.test.ts",TEST
"packages/ai-world-scheduler/src/types/scheduler-types.ts",PRODUCTION
"packages/ai-world-scheduler/tsconfig.json",CONFIG
"packages/ai-world-scheduler/vitest.config.ts",CONFIG
"packages/ai-world/package.json",CONFIG
"packages/ai-world/src/__tests__/DigestBuilder.test.ts",TEST
"packages/ai-world/src/__tests__/DiscoveryApplicationService.test.ts",TEST
"packages/ai-world/src/__tests__/DiscoveryDeduplicator.test.ts",TEST
"packages/ai-world/src/__tests__/DiscoveryNormalizer.test.ts",TEST
"packages/ai-world/src/__tests__/DiscoveryOrchestrator.test.ts",TEST
"packages/ai-world/src/__tests__/FreeResourceClassifier.test.ts",TEST
"packages/ai-world/src/__tests__/GitHubRepositoryIntelligence.test.ts",TEST
"packages/ai-world/src/__tests__/InMemoryDiscoveryStore.test.ts",TEST
"packages/ai-world/src/__tests__/RecommendationEngine.test.ts",TEST
"packages/ai-world/src/__tests__/RelevanceScorer.test.ts",TEST
"packages/ai-world/src/__tests__/SecurityScanner.test.ts",TEST
"packages/ai-world/src/__tests__/StaticCatalogDiscoverySource.test.ts",TEST
"packages/ai-world/src/__tests__/fixtures.ts",TEST
"packages/ai-world/src/application/DiscoveryApplicationService.ts",PRODUCTION
"packages/ai-world/src/contracts/AIDiscoverySource.ts",PRODUCTION
"packages/ai-world/src/domain/DigestBuilder.ts",PRODUCTION
"packages/ai-world/src/domain/DiscoveryDeduplicator.ts",PRODUCTION
"packages/ai-world/src/domain/DiscoveryNormalizer.ts",PRODUCTION
"packages/ai-world/src/domain/DiscoveryOrchestrator.ts",PRODUCTION
"packages/ai-world/src/domain/DiscoveryStore.ts",PRODUCTION
"packages/ai-world/src/domain/FreeResourceClassifier.ts",PRODUCTION
"packages/ai-world/src/domain/GitHubRepositoryIntelligence.ts",PRODUCTION
"packages/ai-world/src/domain/RecommendationEngine.ts",PRODUCTION
"packages/ai-world/src/domain/RelevanceScorer.ts",PRODUCTION
"packages/ai-world/src/domain/SecurityScanner.ts",PRODUCTION
"packages/ai-world/src/index.ts",PRODUCTION
"packages/ai-world/src/infrastructure/InMemoryDiscoveryStore.ts",PRODUCTION
"packages/ai-world/src/infrastructure/PostgresDiscoveryStore.ts",PRODUCTION
"packages/ai-world/src/infrastructure/StaticCatalogDiscoverySource.ts",PRODUCTION
"packages/ai-world/src/infrastructure/__tests__/PostgresDiscoveryStore.test.ts",TEST
"packages/ai-world/src/types/discovery-types.ts",PRODUCTION
"packages/ai-world/tsconfig.json",CONFIG
"packages/ai-world/vitest.config.ts",CONFIG
"packages/ai/README.md",DOCUMENTATION
"packages/ai/package.json",CONFIG
"packages/ai/src/__tests__/AIRequest.test.ts",TEST
"packages/ai/src/domain/__tests__/DomainLogic.test.ts",TEST
"packages/ai/src/domain/entities/AIRequest.ts",PRODUCTION
"packages/ai/src/domain/events/AIDomainEvents.ts",PRODUCTION
"packages/ai/src/domain/factory/AIRequestFactory.ts",PRODUCTION
"packages/ai/src/domain/index.ts",PRODUCTION
"packages/ai/src/domain/repository/AIRequestRepository.ts",PRODUCTION
"packages/ai/src/domain/rules/AIRules.ts",PRODUCTION
"packages/ai/src/domain/services/AIDomainService.ts",PRODUCTION
"packages/ai/src/domain/services/TokenEstimationService.ts",PRODUCTION
"packages/ai/src/domain/services/__tests__/TokenEstimationService.test.ts",TEST
"packages/ai/src/domain/value-objects/AIRequestId.ts",PRODUCTION
"packages/ai/src/domain/value-objects/Capability.ts",PRODUCTION
"packages/ai/src/domain/value-objects/CostEstimate.ts",PRODUCTION
"packages/ai/src/domain/value-objects/Prompt.ts",PRODUCTION
"packages/ai/src/domain/value-objects/ProviderId.ts",PRODUCTION
"packages/ai/src/domain/value-objects/TokenUsage.ts",PRODUCTION
"packages/ai/src/domain/value-objects/__tests__/ValueObjects.test.ts",TEST
"packages/ai/src/index.ts",PRODUCTION
"packages/ai/src/types/index.ts",PRODUCTION
"packages/ai/tsconfig.json",CONFIG
"packages/ai/vitest.config.ts",CONFIG
"packages/app-factory/package.json",CONFIG
"packages/app-factory/src/application/FactoryApplicationService.ts",PRODUCTION
"packages/app-factory/src/application/FactoryDTO.ts",PRODUCTION
"packages/app-factory/src/application/FactoryMapper.ts",PRODUCTION
"packages/app-factory/src/application/__tests__/FactoryApplicationService.test.ts",TEST
"packages/app-factory/src/application/__tests__/FactoryPersistenceLifecycle.test.ts",TEST
"packages/app-factory/src/catalog/archetypes.ts",PRODUCTION
"packages/app-factory/src/catalog/generator.ts",PRODUCTION
"packages/app-factory/src/contracts/application-repository.ts",PRODUCTION
"packages/app-factory/src/contracts/factory-ports.ts",PRODUCTION
"packages/app-factory/src/domain/ApplicationRegistry.ts",PRODUCTION
"packages/app-factory/src/domain/ArchitectureEngine.ts",PRODUCTION
"packages/app-factory/src/domain/BlueprintService.ts",PRODUCTION
"packages/app-factory/src/domain/DeploymentAbstraction.ts",PRODUCTION
"packages/app-factory/src/domain/EconomicsTracker.ts",PRODUCTION
"packages/app-factory/src/domain/ExecutionPolicy.ts",PRODUCTION
"packages/app-factory/src/domain/FactoryEngine.ts",PRODUCTION
"packages/app-factory/src/domain/FileOperationLayer.ts",PRODUCTION
"packages/app-factory/src/domain/PlanPreviewService.ts",PRODUCTION
"packages/app-factory/src/domain/SecurityReviewer.ts",PRODUCTION
"packages/app-factory/src/domain/SpecificationEngine.ts",PRODUCTION
"packages/app-factory/src/domain/TaskGraphBuilder.ts",PRODUCTION
"packages/app-factory/src/domain/UIQualityEvaluator.ts",PRODUCTION
"packages/app-factory/src/domain/ValidationPipeline.ts",PRODUCTION
"packages/app-factory/src/domain/VersionControlService.ts",PRODUCTION
"packages/app-factory/src/domain/__tests__/ArchitectureEngine.test.ts",TEST
"packages/app-factory/src/domain/__tests__/BlueprintAndPreview.test.ts",TEST
"packages/app-factory/src/domain/__tests__/ExecutionPolicyAndWorkspace.test.ts",TEST
"packages/app-factory/src/domain/__tests__/FactoryEngine.test.ts",TEST
"packages/app-factory/src/domain/__tests__/FactoryEngineEdgeCases.test.ts",TEST
"packages/app-factory/src/domain/__tests__/RemainingBranches.test.ts",TEST
"packages/app-factory/src/domain/__tests__/RepairLoop.test.ts",TEST
"packages/app-factory/src/domain/__tests__/SecurityAndUIQuality.test.ts",TEST
"packages/app-factory/src/domain/__tests__/SpecificationEngine.test.ts",TEST
"packages/app-factory/src/domain/__tests__/TaskGraphBuilder.test.ts",TEST
"packages/app-factory/src/domain/__tests__/ValidationPipeline.test.ts",TEST
"packages/app-factory/src/domain/__tests__/fixtures.ts",TEST
"packages/app-factory/src/index.ts",PRODUCTION
"packages/app-factory/src/infrastructure/InMemoryApplicationRepository.ts",PRODUCTION
"packages/app-factory/src/infrastructure/InMemoryWorkspace.ts",PRODUCTION
"packages/app-factory/src/infrastructure/PostgresApplicationRepository.ts",PRODUCTION
"packages/app-factory/src/infrastructure/__tests__/InMemoryApplicationRepository.test.ts",TEST
"packages/app-factory/src/infrastructure/__tests__/PostgresApplicationRepository.test.ts",TEST
"packages/app-factory/src/infrastructure/__tests__/adapters.test.ts",TEST
"packages/app-factory/src/infrastructure/adapters.ts",PRODUCTION
"packages/app-factory/src/types/app-types.ts",PRODUCTION
"packages/app-factory/tsconfig.json",CONFIG
"packages/app-factory/vitest.config.ts",CONFIG
"packages/brain/package.json",CONFIG
"packages/brain/src/__tests__/BrainApplicationService.test.ts",TEST
"packages/brain/src/__tests__/ContinuousIntelligence.test.ts",TEST
"packages/brain/src/__tests__/CriticStrategy.test.ts",TEST
"packages/brain/src/__tests__/DailyOutcomeEngine.test.ts",TEST
"packages/brain/src/__tests__/DomainEdges.test.ts",TEST
"packages/brain/src/__tests__/LearningSignals.test.ts",TEST
"packages/brain/src/__tests__/OutcomePriorityEngine.test.ts",TEST
"packages/brain/src/__tests__/OutcomeVerdict.test.ts",TEST
"packages/brain/src/application/BrainApplicationService.ts",PRODUCTION
"packages/brain/src/contracts/brain-ports.ts",PRODUCTION
"packages/brain/src/domain/AdaptiveScoreLedger.ts",PRODUCTION
"packages/brain/src/domain/BrainBudgetGuard.ts",PRODUCTION
"packages/brain/src/domain/BrainDecisionRecorder.ts",PRODUCTION
"packages/brain/src/domain/BrainModeSelector.ts",PRODUCTION
"packages/brain/src/domain/BrainPolicyEngine.ts",PRODUCTION
"packages/brain/src/domain/ConflictDetector.ts",PRODUCTION
"packages/brain/src/domain/CriticStrategy.ts",PRODUCTION
"packages/brain/src/domain/DailyOutcomeEngine.ts",PRODUCTION
"packages/brain/src/domain/ExecutionFailover.ts",PRODUCTION
"packages/brain/src/domain/IntentInterpreter.ts",PRODUCTION
"packages/brain/src/domain/LearningSignals.ts",PRODUCTION
"packages/brain/src/domain/OpportunityIntelligence.ts",PRODUCTION
"packages/brain/src/domain/OutcomeEvaluator.ts",PRODUCTION
"packages/brain/src/domain/OutcomePriorityEngine.ts",PRODUCTION
"packages/brain/src/domain/OutcomeVerdict.ts",PRODUCTION
"packages/brain/src/domain/OutputAssembler.ts",PRODUCTION
"packages/brain/src/domain/ParallelPlanner.ts",PRODUCTION
"packages/brain/src/domain/ProviderRoleAssigner.ts",PRODUCTION
"packages/brain/src/domain/UsageIntelligence.ts",PRODUCTION
"packages/brain/src/domain/ledger-math.ts",PRODUCTION
"packages/brain/src/index.ts",PRODUCTION
"packages/brain/src/infrastructure/InMemoryBrainStores.ts",PRODUCTION
"packages/brain/src/infrastructure/InMemoryContinuousStores.ts",PRODUCTION
"packages/brain/src/infrastructure/PostgresBrainStores.ts",PRODUCTION
"packages/brain/src/infrastructure/__tests__/PostgresBrainStores.test.ts",TEST
"packages/brain/src/types/brain-types.ts",PRODUCTION
"packages/brain/src/types/continuous-types.ts",PRODUCTION
"packages/brain/src/types/outcome-types.ts",PRODUCTION
"packages/brain/tsconfig.json",CONFIG
"packages/brain/vitest.config.ts",CONFIG
"packages/capabilities/package.json",CONFIG
"packages/capabilities/src/application/CapabilityApplicationService.ts",PRODUCTION
"packages/capabilities/src/application/CapabilityDTO.ts",PRODUCTION
"packages/capabilities/src/application/CapabilityMapper.ts",PRODUCTION
"packages/capabilities/src/application/__tests__/CapabilityApplicationService.test.ts",TEST
"packages/capabilities/src/catalog/capability-catalog.ts",PRODUCTION
"packages/capabilities/src/domain/__tests__/Capability.test.ts",TEST
"packages/capabilities/src/domain/entities/Capability.ts",PRODUCTION
"packages/capabilities/src/domain/repository/CapabilityRepository.ts",PRODUCTION
"packages/capabilities/src/domain/rules/CapabilityRules.ts",PRODUCTION
"packages/capabilities/src/domain/rules/__tests__/CapabilityRules.test.ts",TEST
"packages/capabilities/src/domain/services/CapabilityCompositionService.ts",PRODUCTION
"packages/capabilities/src/domain/services/CapabilityGraphService.ts",PRODUCTION
"packages/capabilities/src/domain/services/__tests__/CapabilityCompositionService.test.ts",TEST
"packages/capabilities/src/domain/services/__tests__/CapabilityGraphService.test.ts",TEST
"packages/capabilities/src/domain/value-objects/CapabilityId.ts",PRODUCTION
"packages/capabilities/src/domain/value-objects/CapabilityStatus.ts",PRODUCTION
"packages/capabilities/src/domain/value-objects/CapabilityVersion.ts",PRODUCTION
"packages/capabilities/src/domain/value-objects/__tests__/CapabilityId.test.ts",TEST
"packages/capabilities/src/domain/value-objects/__tests__/CapabilityStatus.test.ts",TEST
"packages/capabilities/src/domain/value-objects/__tests__/CapabilityVersion.test.ts",TEST
"packages/capabilities/src/index.ts",PRODUCTION
"packages/capabilities/src/infrastructure/InMemoryCapabilityRepository.ts",PRODUCTION
"packages/capabilities/src/infrastructure/PostgresCapabilityRepository.ts",PRODUCTION
"packages/capabilities/src/infrastructure/__tests__/InMemoryCapabilityRepository.test.ts",TEST
"packages/capabilities/src/infrastructure/__tests__/PostgresCapabilityRepository.test.ts",TEST
"packages/capabilities/src/types/capability-types.ts",PRODUCTION
"packages/capabilities/tsconfig.json",CONFIG
"packages/capabilities/vitest.config.ts",CONFIG
"packages/capability-marketplace/package.json",CONFIG
"packages/capability-marketplace/src/__tests__/ApprovalEngine.test.ts",TEST
"packages/capability-marketplace/src/__tests__/AutomationBoundaryEngine.test.ts",TEST
"packages/capability-marketplace/src/__tests__/CapabilityDecomposer.test.ts",TEST
"packages/capability-marketplace/src/__tests__/CapabilityGraph.test.ts",TEST
"packages/capability-marketplace/src/__tests__/CapabilityMarketplaceApplicationService.test.ts",TEST
"packages/capability-marketplace/src/__tests__/CapabilityPlanner.test.ts",TEST
"packages/capability-marketplace/src/__tests__/InMemoryCapabilityPlanStore.test.ts",TEST
"packages/capability-marketplace/src/__tests__/IntegrationClassifier.test.ts",TEST
"packages/capability-marketplace/src/__tests__/QualityFirstSelector.test.ts",TEST
"packages/capability-marketplace/src/__tests__/fixtures.ts",TEST
"packages/capability-marketplace/src/application/CapabilityMarketplaceApplicationService.ts",PRODUCTION
"packages/capability-marketplace/src/contracts/CapabilitySourcePort.ts",PRODUCTION
"packages/capability-marketplace/src/domain/ApprovalEngine.ts",PRODUCTION
"packages/capability-marketplace/src/domain/AutomationBoundaryEngine.ts",PRODUCTION
"packages/capability-marketplace/src/domain/CapabilityDecomposer.ts",PRODUCTION
"packages/capability-marketplace/src/domain/CapabilityGraph.ts",PRODUCTION
"packages/capability-marketplace/src/domain/CapabilityPlanStore.ts",PRODUCTION
"packages/capability-marketplace/src/domain/CapabilityPlanner.ts",PRODUCTION
"packages/capability-marketplace/src/domain/IntegrationClassifier.ts",PRODUCTION
"packages/capability-marketplace/src/domain/QualityFirstSelector.ts",PRODUCTION
"packages/capability-marketplace/src/index.ts",PRODUCTION
"packages/capability-marketplace/src/infrastructure/InMemoryCapabilityPlanStore.ts",PRODUCTION
"packages/capability-marketplace/src/types/capability-types.ts",PRODUCTION
"packages/capability-marketplace/tsconfig.json",CONFIG
"packages/capability-marketplace/vitest.config.ts",CONFIG
"packages/config/README.md",DOCUMENTATION
"packages/config/package.json",CONFIG
"packages/config/src/index.ts",PRODUCTION
"packages/config/tsconfig.json",CONFIG
"packages/context-fabric/package.json",CONFIG
"packages/context-fabric/src/application/ContextFabricApplicationService.ts",PRODUCTION
"packages/context-fabric/src/application/ContextFabricDTO.ts",PRODUCTION
"packages/context-fabric/src/application/__tests__/ContextFabricApplicationService.test.ts",TEST
"packages/context-fabric/src/catalog/fabric-catalog.ts",PRODUCTION
"packages/context-fabric/src/contracts/fabric-engines.ts",PRODUCTION
"packages/context-fabric/src/domain/repository/GraphRepository.ts",PRODUCTION
"packages/context-fabric/src/domain/rules/FabricRules.ts",PRODUCTION
"packages/context-fabric/src/domain/rules/__tests__/FabricRules.test.ts",TEST
"packages/context-fabric/src/domain/services/BusinessGraphService.ts",PRODUCTION
"packages/context-fabric/src/domain/services/ContextAssemblyService.ts",PRODUCTION
"packages/context-fabric/src/domain/services/ContextSearchService.ts",PRODUCTION
"packages/context-fabric/src/domain/services/FabricHealthService.ts",PRODUCTION
"packages/context-fabric/src/domain/services/PermissionEvaluationService.ts",PRODUCTION
"packages/context-fabric/src/domain/services/PersonalGraphService.ts",PRODUCTION
"packages/context-fabric/src/domain/services/ProvenanceService.ts",PRODUCTION
"packages/context-fabric/src/domain/services/__tests__/ContextAssemblyService.test.ts",TEST
"packages/context-fabric/src/domain/services/__tests__/ContextSearchService.test.ts",TEST
"packages/context-fabric/src/domain/services/__tests__/GraphServices.test.ts",TEST
"packages/context-fabric/src/domain/services/__tests__/PermissionEvaluationService.test.ts",TEST
"packages/context-fabric/src/index.ts",PRODUCTION
"packages/context-fabric/src/infrastructure/InMemoryGraphRepository.ts",PRODUCTION
"packages/context-fabric/src/infrastructure/PostgresGraphRepository.ts",PRODUCTION
"packages/context-fabric/src/infrastructure/__tests__/GraphRepository.test.ts",TEST
"packages/context-fabric/src/infrastructure/__tests__/PostgresGraphRepository.test.ts",TEST
"packages/context-fabric/src/types/fabric-types.ts",PRODUCTION
"packages/context-fabric/tsconfig.json",CONFIG
"packages/context-fabric/vitest.config.ts",CONFIG
"packages/context/package.json",CONFIG
"packages/context/src/application/ContextApplicationService.ts",PRODUCTION
"packages/context/src/application/ContextDTO.ts",PRODUCTION
"packages/context/src/application/ContextMapper.ts",PRODUCTION
"packages/context/src/application/__tests__/ContextApplicationService.test.ts",TEST
"packages/context/src/application/__tests__/ContextMapper.test.ts",TEST
"packages/context/src/catalog/context-catalog.ts",PRODUCTION
"packages/context/src/domain/__tests__/ContextAssemblyService.test.ts",TEST
"packages/context/src/domain/__tests__/ContextCompressionService.test.ts",TEST
"packages/context/src/domain/__tests__/ContextFilteringService.test.ts",TEST
"packages/context/src/domain/__tests__/ContextRankingService.test.ts",TEST
"packages/context/src/domain/__tests__/InMemoryContextRepository.test.ts",TEST
"packages/context/src/domain/repository/ContextRepository.ts",PRODUCTION
"packages/context/src/domain/services/ContextAssemblyService.ts",PRODUCTION
"packages/context/src/domain/services/ContextCompressionService.ts",PRODUCTION
"packages/context/src/domain/services/ContextFilteringService.ts",PRODUCTION
"packages/context/src/domain/services/ContextRankingService.ts",PRODUCTION
"packages/context/src/domain/value-objects/ContextId.ts",PRODUCTION
"packages/context/src/index.ts",PRODUCTION
"packages/context/src/infrastructure/InMemoryContextRepository.ts",PRODUCTION
"packages/context/src/infrastructure/PostgresContextRepository.ts",PRODUCTION
"packages/context/src/infrastructure/__tests__/PostgresContextRepository.test.ts",TEST
"packages/context/src/types/context-types.ts",PRODUCTION
"packages/context/tsconfig.json",CONFIG
"packages/context/vitest.config.ts",CONFIG
"packages/control-plane/package.json",CONFIG
"packages/control-plane/src/__tests__/ActiveIntelligenceControlPlane.test.ts",TEST
"packages/control-plane/src/__tests__/AutonomySettingsValidator.test.ts",TEST
"packages/control-plane/src/__tests__/ControlGate.test.ts",TEST
"packages/control-plane/src/__tests__/EmergencyStop.test.ts",TEST
"packages/control-plane/src/__tests__/OpportunityLifecycle.test.ts",TEST
"packages/control-plane/src/application/ActiveIntelligenceControlPlane.ts",PRODUCTION
"packages/control-plane/src/contracts/control-ports.ts",PRODUCTION
"packages/control-plane/src/domain/AutonomySettingsValidator.ts",PRODUCTION
"packages/control-plane/src/domain/ControlGate.ts",PRODUCTION
"packages/control-plane/src/domain/EmergencyStop.ts",PRODUCTION
"packages/control-plane/src/domain/OpportunityLifecycle.ts",PRODUCTION
"packages/control-plane/src/index.ts",PRODUCTION
"packages/control-plane/src/infrastructure/InMemoryControlStores.ts",PRODUCTION
"packages/control-plane/src/infrastructure/PostgresControlStores.ts",PRODUCTION
"packages/control-plane/src/infrastructure/__tests__/PostgresControlStores.test.ts",TEST
"packages/control-plane/src/types/control-types.ts",PRODUCTION
"packages/control-plane/tsconfig.json",CONFIG
"packages/control-plane/vitest.config.ts",CONFIG
"packages/core/README.md",DOCUMENTATION
"packages/core/package.json",CONFIG
"packages/core/src/base/index.ts",PRODUCTION
"packages/core/src/bootstrap/__tests__/Bootstrap.test.ts",TEST
"packages/core/src/bootstrap/index.ts",PRODUCTION
"packages/core/src/config/__tests__/ConfigBranchCoverage.test.ts",TEST
"packages/core/src/config/__tests__/lazyConfig.test.ts",TEST
"packages/core/src/config/index.ts",PRODUCTION
"packages/core/src/constants/index.ts",PRODUCTION
"packages/core/src/core.test.ts",TEST
"packages/core/src/database/DatabaseManager.ts",PRODUCTION
"packages/core/src/database/__tests__/DatabaseManager.test.ts",TEST
"packages/core/src/database/index.ts",PRODUCTION
"packages/core/src/di/index.ts",PRODUCTION
"packages/core/src/env/__tests__/index.test.ts",TEST
"packages/core/src/env/index.ts",PRODUCTION
"packages/core/src/errors/__tests__/index.test.ts",TEST
"packages/core/src/errors/index.ts",PRODUCTION
"packages/core/src/event-bus/__tests__/EventBusBranchCoverage.test.ts",TEST
"packages/core/src/event-bus/index.ts",PRODUCTION
"packages/core/src/feature-flags/index.ts",PRODUCTION
"packages/core/src/health/__tests__/HealthBranchCoverage.test.ts",TEST
"packages/core/src/health/index.ts",PRODUCTION
"packages/core/src/index.ts",PRODUCTION
"packages/core/src/lifecycle/__tests__/LifecycleCoverage.test.ts",TEST
"packages/core/src/lifecycle/gracefulShutdown.ts",PRODUCTION
"packages/core/src/lifecycle/index.ts",PRODUCTION
"packages/core/src/logger/index.ts",PRODUCTION
"packages/core/src/metrics/index.ts",PRODUCTION
"packages/core/src/modules/__tests__/ModuleRegistry.test.ts",TEST
"packages/core/src/modules/analytics/README.md",DOCUMENTATION
"packages/core/src/modules/analytics/index.ts",PRODUCTION
"packages/core/src/modules/business/README.md",DOCUMENTATION
"packages/core/src/modules/business/index.ts",PRODUCTION
"packages/core/src/modules/career/README.md",DOCUMENTATION
"packages/core/src/modules/career/index.ts",PRODUCTION
"packages/core/src/modules/execution/README.md",DOCUMENTATION
"packages/core/src/modules/execution/index.ts",PRODUCTION
"packages/core/src/modules/finance/README.md",DOCUMENTATION
"packages/core/src/modules/finance/index.ts",PRODUCTION
"packages/core/src/modules/health/README.md",DOCUMENTATION
"packages/core/src/modules/health/index.ts",PRODUCTION
"packages/core/src/modules/identity/README.md",DOCUMENTATION
"packages/core/src/modules/identity/index.ts",PRODUCTION
"packages/core/src/modules/index.ts",PRODUCTION
"packages/core/src/modules/knowledge/README.md",DOCUMENTATION
"packages/core/src/modules/knowledge/index.ts",PRODUCTION
"packages/core/src/modules/learning/README.md",DOCUMENTATION
"packages/core/src/modules/learning/index.ts",PRODUCTION
"packages/core/src/modules/marketplace/README.md",DOCUMENTATION
"packages/core/src/modules/marketplace/index.ts",PRODUCTION
"packages/core/src/modules/memory/README.md",DOCUMENTATION
"packages/core/src/modules/memory/index.ts",PRODUCTION
"packages/core/src/modules/notifications/README.md",DOCUMENTATION
"packages/core/src/modules/notifications/index.ts",PRODUCTION
"packages/core/src/modules/planning/README.md",DOCUMENTATION
"packages/core/src/modules/planning/index.ts",PRODUCTION
"packages/core/src/modules/portfolio/README.md",DOCUMENTATION
"packages/core/src/modules/portfolio/index.ts",PRODUCTION
"packages/core/src/modules/recommendation/README.md",DOCUMENTATION
"packages/core/src/modules/recommendation/index.ts",PRODUCTION
"packages/core/src/modules/settings/README.md",DOCUMENTATION
"packages/core/src/modules/settings/index.ts",PRODUCTION
"packages/core/src/observability/__tests__/CoverageGap.test.ts",TEST
"packages/core/src/observability/__tests__/ErrorReporterCorrelation.test.ts",TEST
"packages/core/src/observability/__tests__/ObservabilityExport.test.ts",TEST
"packages/core/src/observability/__tests__/Reliability.test.ts",TEST
"packages/core/src/observability/__tests__/RuntimeFallback.test.ts",TEST
"packages/core/src/observability/__tests__/RuntimeMetrics.test.ts",TEST
"packages/core/src/observability/correlation.ts",PRODUCTION
"packages/core/src/observability/errorReporter.ts",PRODUCTION
"packages/core/src/observability/index.ts",PRODUCTION
"packages/core/src/observability/otel.ts",PRODUCTION
"packages/core/src/observability/prometheus.ts",PRODUCTION
"packages/core/src/observability/runtime.ts",PRODUCTION
"packages/core/src/persistence/WriteThroughDocumentStore.ts",PRODUCTION
"packages/core/src/persistence/__tests__/WriteThroughBranchCoverage.test.ts",TEST
"packages/core/src/persistence/__tests__/WriteThroughDocumentStore.test.ts",TEST
"packages/core/src/startup/__tests__/doctor.test.ts",TEST
"packages/core/src/startup/__tests__/port.test.ts",TEST
"packages/core/src/startup/__tests__/preflight.test.ts",TEST
"packages/core/src/startup/__tests__/provider-runtime.test.ts",TEST
"packages/core/src/startup/doctor.ts",PRODUCTION
"packages/core/src/startup/port.ts",PRODUCTION
"packages/core/src/startup/preflight.ts",PRODUCTION
"packages/core/src/startup/provider-runtime.ts",PRODUCTION
"packages/core/src/tracing/__tests__/ExecutionTraceProvider.test.ts",TEST
"packages/core/src/tracing/execution-trace-provider.ts",PRODUCTION
"packages/core/src/tracing/execution-trace.ts",PRODUCTION
"packages/core/src/tracing/index.ts",PRODUCTION
"packages/core/src/tracing/telemetry-port.ts",PRODUCTION
"packages/core/src/tracing/trace-store.ts",PRODUCTION
"packages/core/src/types/index.ts",PRODUCTION
"packages/core/src/utilities/__tests__/index.test.ts",TEST
"packages/core/src/utilities/index.ts",PRODUCTION
"packages/core/src/validation/index.ts",PRODUCTION
"packages/core/tsconfig.json",CONFIG
"packages/core/vitest.config.ts",CONFIG
"packages/domain/README.md",DOCUMENTATION
"packages/domain/package.json",CONFIG
"packages/domain/src/content-agency/index.ts",PRODUCTION
"packages/domain/src/content-agency/ops-types.ts",PRODUCTION
"packages/domain/src/content-agency/repository/ClientOpsRepository.ts",PRODUCTION
"packages/domain/src/content-agency/repository/ContentAgencyRepository.ts",PRODUCTION
"packages/domain/src/content-agency/types.ts",PRODUCTION
"packages/domain/src/decision/__tests__/DecisionConfidence.test.ts",TEST
"packages/domain/src/decision/__tests__/DecisionDomainService.test.ts",TEST
"packages/domain/src/decision/__tests__/DecisionEntity.test.ts",TEST
"packages/domain/src/decision/__tests__/DecisionFactory.test.ts",TEST
"packages/domain/src/decision/__tests__/DecisionId.test.ts",TEST
"packages/domain/src/decision/__tests__/DecisionPriority.test.ts",TEST
"packages/domain/src/decision/__tests__/DecisionRisk.test.ts",TEST
"packages/domain/src/decision/__tests__/DecisionRules.test.ts",TEST
"packages/domain/src/decision/__tests__/DecisionScore.test.ts",TEST
"packages/domain/src/decision/__tests__/DecisionStatus.test.ts",TEST
"packages/domain/src/decision/__tests__/DecisionValueObjects.test.ts",TEST
"packages/domain/src/decision/entities/Decision.ts",PRODUCTION
"packages/domain/src/decision/events/DecisionEvent.ts",PRODUCTION
"packages/domain/src/decision/factory/DecisionFactory.ts",PRODUCTION
"packages/domain/src/decision/index.ts",PRODUCTION
"packages/domain/src/decision/repository/DecisionRepository.ts",PRODUCTION
"packages/domain/src/decision/rules/DecisionRules.ts",PRODUCTION
"packages/domain/src/decision/services/DecisionDomainService.ts",PRODUCTION
"packages/domain/src/decision/value-objects/DecisionConfidence.ts",PRODUCTION
"packages/domain/src/decision/value-objects/DecisionConstraint.ts",PRODUCTION
"packages/domain/src/decision/value-objects/DecisionId.ts",PRODUCTION
"packages/domain/src/decision/value-objects/DecisionOpportunity.ts",PRODUCTION
"packages/domain/src/decision/value-objects/DecisionOutcome.ts",PRODUCTION
"packages/domain/src/decision/value-objects/DecisionPriority.ts",PRODUCTION
"packages/domain/src/decision/value-objects/DecisionReasoning.ts",PRODUCTION
"packages/domain/src/decision/value-objects/DecisionRisk.ts",PRODUCTION
"packages/domain/src/decision/value-objects/DecisionScore.ts",PRODUCTION
"packages/domain/src/decision/value-objects/DecisionStatus.ts",PRODUCTION
"packages/domain/src/decision/value-objects/DecisionVersion.ts",PRODUCTION
"packages/domain/src/decision/value-objects/__tests__/DecisionScore.test.ts",TEST
"packages/domain/src/execution/__tests__/ExecutionDomainService.test.ts",TEST
"packages/domain/src/execution/__tests__/ExecutionEntities.test.ts",TEST
"packages/domain/src/execution/__tests__/ExecutionFactory.test.ts",TEST
"packages/domain/src/execution/__tests__/ExecutionPerformance.test.ts",TEST
"packages/domain/src/execution/__tests__/ExecutionPlan.test.ts",TEST
"packages/domain/src/execution/__tests__/ExecutionPlanAdvanced.test.ts",TEST
"packages/domain/src/execution/__tests__/ExecutionPriority.test.ts",TEST
"packages/domain/src/execution/__tests__/ExecutionRules.test.ts",TEST
"packages/domain/src/execution/__tests__/ExecutionStatus.test.ts",TEST
"packages/domain/src/execution/__tests__/ExecutionStep.test.ts",TEST
"packages/domain/src/execution/__tests__/ExecutionValueObjects.test.ts",TEST
"packages/domain/src/execution/entities/ExecutionMission.ts",PRODUCTION
"packages/domain/src/execution/entities/ExecutionPlan.ts",PRODUCTION
"packages/domain/src/execution/entities/ExecutionStep.ts",PRODUCTION
"packages/domain/src/execution/entities/ExecutionTask.ts",PRODUCTION
"packages/domain/src/execution/events/ExecutionEvent.ts",PRODUCTION
"packages/domain/src/execution/factory/ExecutionFactory.ts",PRODUCTION
"packages/domain/src/execution/index.ts",PRODUCTION
"packages/domain/src/execution/repository/ExecutionRepository.ts",PRODUCTION
"packages/domain/src/execution/rules/ExecutionRules.ts",PRODUCTION
"packages/domain/src/execution/services/ExecutionDomainService.ts",PRODUCTION
"packages/domain/src/execution/value-objects/ExecutionContext.ts",PRODUCTION
"packages/domain/src/execution/value-objects/ExecutionDependency.ts",PRODUCTION
"packages/domain/src/execution/value-objects/ExecutionHistory.ts",PRODUCTION
"packages/domain/src/execution/value-objects/ExecutionMetrics.ts",PRODUCTION
"packages/domain/src/execution/value-objects/ExecutionPolicy.ts",PRODUCTION
"packages/domain/src/execution/value-objects/ExecutionPriority.ts",PRODUCTION
"packages/domain/src/execution/value-objects/ExecutionProgress.ts",PRODUCTION
"packages/domain/src/execution/value-objects/ExecutionResult.ts",PRODUCTION
"packages/domain/src/execution/value-objects/ExecutionSchedule.ts",PRODUCTION
"packages/domain/src/execution/value-objects/ExecutionStatus.ts",PRODUCTION
"packages/domain/src/execution/value-objects/ExecutionStrategy.ts",PRODUCTION
"packages/domain/src/execution/value-objects/ExecutionTimeline.ts",PRODUCTION
"packages/domain/src/identity/__tests__/Role.test.ts",TEST
"packages/domain/src/identity/__tests__/User.test.ts",TEST
"packages/domain/src/identity/entities/User.ts",PRODUCTION
"packages/domain/src/identity/events/IdentityEvent.ts",PRODUCTION
"packages/domain/src/identity/factory/UserFactory.ts",PRODUCTION
"packages/domain/src/identity/index.ts",PRODUCTION
"packages/domain/src/identity/repository/IdentityRepository.ts",PRODUCTION
"packages/domain/src/identity/rules/IdentityRules.ts",PRODUCTION
"packages/domain/src/identity/rules/__tests__/IdentityRules.test.ts",TEST
"packages/domain/src/identity/services/IdentityDomainService.ts",PRODUCTION
"packages/domain/src/identity/value-objects/Email.ts",PRODUCTION
"packages/domain/src/identity/value-objects/IdentitySettings.ts",PRODUCTION
"packages/domain/src/identity/value-objects/IdentityStatus.ts",PRODUCTION
"packages/domain/src/identity/value-objects/Password.ts",PRODUCTION
"packages/domain/src/identity/value-objects/Role.ts",PRODUCTION
"packages/domain/src/identity/value-objects/UserId.ts",PRODUCTION
"packages/domain/src/identity/value-objects/UserPreferences.ts",PRODUCTION
"packages/domain/src/identity/value-objects/UserProfile.ts",PRODUCTION
"packages/domain/src/identity/value-objects/__tests__/IdentityValueObjects.test.ts",TEST
"packages/domain/src/index.ts",PRODUCTION
"packages/domain/src/knowledge/__tests__/KnowledgeCategory.test.ts",TEST
"packages/domain/src/knowledge/__tests__/KnowledgeConfidence.test.ts",TEST
"packages/domain/src/knowledge/__tests__/KnowledgeEntities.test.ts",TEST
"packages/domain/src/knowledge/__tests__/KnowledgeEvent.test.ts",TEST
"packages/domain/src/knowledge/__tests__/KnowledgeFactory.test.ts",TEST
"packages/domain/src/knowledge/__tests__/KnowledgeGraph.test.ts",TEST
"packages/domain/src/knowledge/__tests__/KnowledgeReferences.test.ts",TEST
"packages/domain/src/knowledge/__tests__/KnowledgeRules.test.ts",TEST
"packages/domain/src/knowledge/__tests__/KnowledgeStatus.test.ts",TEST
"packages/domain/src/knowledge/__tests__/KnowledgeValueObjects.test.ts",TEST
"packages/domain/src/knowledge/aggregates/KnowledgeGraph.ts",PRODUCTION
"packages/domain/src/knowledge/entities/Artifact.ts",PRODUCTION
"packages/domain/src/knowledge/entities/BusinessReference.ts",PRODUCTION
"packages/domain/src/knowledge/entities/CareerReference.ts",PRODUCTION
"packages/domain/src/knowledge/entities/Competency.ts",PRODUCTION
"packages/domain/src/knowledge/entities/ContextReference.ts",PRODUCTION
"packages/domain/src/knowledge/entities/DecisionReference.ts",PRODUCTION
"packages/domain/src/knowledge/entities/Evidence.ts",PRODUCTION
"packages/domain/src/knowledge/entities/ExecutionReference.ts",PRODUCTION
"packages/domain/src/knowledge/entities/GoalReference.ts",PRODUCTION
"packages/domain/src/knowledge/entities/KnowledgeEdge.ts",PRODUCTION
"packages/domain/src/knowledge/entities/KnowledgeNode.ts",PRODUCTION
"packages/domain/src/knowledge/entities/LearningReference.ts",PRODUCTION
"packages/domain/src/knowledge/entities/MemoryReference.ts",PRODUCTION
"packages/domain/src/knowledge/entities/PortfolioReference.ts",PRODUCTION
"packages/domain/src/knowledge/entities/ProjectReference.ts",PRODUCTION
"packages/domain/src/knowledge/entities/Relationship.ts",PRODUCTION
"packages/domain/src/knowledge/entities/Skill.ts",PRODUCTION
"packages/domain/src/knowledge/events/KnowledgeEvent.ts",PRODUCTION
"packages/domain/src/knowledge/factory/KnowledgeFactory.ts",PRODUCTION
"packages/domain/src/knowledge/index.ts",PRODUCTION
"packages/domain/src/knowledge/repository/KnowledgeRepository.ts",PRODUCTION
"packages/domain/src/knowledge/rules/KnowledgeRules.ts",PRODUCTION
"packages/domain/src/knowledge/services/KnowledgeGraphService.ts",PRODUCTION
"packages/domain/src/knowledge/value-objects/GraphId.ts",PRODUCTION
"packages/domain/src/knowledge/value-objects/KnowledgeCategory.ts",PRODUCTION
"packages/domain/src/knowledge/value-objects/KnowledgeConfidence.ts",PRODUCTION
"packages/domain/src/knowledge/value-objects/KnowledgeEdgeId.ts",PRODUCTION
"packages/domain/src/knowledge/value-objects/KnowledgeLineage.ts",PRODUCTION
"packages/domain/src/knowledge/value-objects/KnowledgeNodeId.ts",PRODUCTION
"packages/domain/src/knowledge/value-objects/KnowledgeQuality.ts",PRODUCTION
"packages/domain/src/knowledge/value-objects/KnowledgeSource.ts",PRODUCTION
"packages/domain/src/knowledge/value-objects/KnowledgeStatus.ts",PRODUCTION
"packages/domain/src/knowledge/value-objects/KnowledgeVersion.ts",PRODUCTION
"packages/domain/src/knowledge/value-objects/RelationshipType.ts",PRODUCTION
"packages/domain/src/memory/__tests__/Memory.test.ts",TEST
"packages/domain/src/memory/__tests__/MemoryCategory.test.ts",TEST
"packages/domain/src/memory/__tests__/MemoryConfidence.test.ts",TEST
"packages/domain/src/memory/__tests__/MemoryDomainService.test.ts",TEST
"packages/domain/src/memory/__tests__/MemoryEvent.test.ts",TEST
"packages/domain/src/memory/__tests__/MemoryFactory.test.ts",TEST
"packages/domain/src/memory/__tests__/MemoryFreshness.test.ts",TEST
"packages/domain/src/memory/__tests__/MemoryImportance.test.ts",TEST
"packages/domain/src/memory/__tests__/MemoryRetentionPolicy.test.ts",TEST
"packages/domain/src/memory/__tests__/MemoryRules.test.ts",TEST
"packages/domain/src/memory/__tests__/MemorySource.test.ts",TEST
"packages/domain/src/memory/__tests__/MemoryState.test.ts",TEST
"packages/domain/src/memory/__tests__/MemoryStrength.test.ts",TEST
"packages/domain/src/memory/__tests__/MemoryVersion.test.ts",TEST
"packages/domain/src/memory/entities/Memory.ts",PRODUCTION
"packages/domain/src/memory/events/MemoryEvent.ts",PRODUCTION
"packages/domain/src/memory/factory/MemoryFactory.ts",PRODUCTION
"packages/domain/src/memory/index.ts",PRODUCTION
"packages/domain/src/memory/repository/MemoryRepository.ts",PRODUCTION
"packages/domain/src/memory/rules/MemoryRules.ts",PRODUCTION
"packages/domain/src/memory/services/MemoryDomainService.ts",PRODUCTION
"packages/domain/src/memory/value-objects/MemoryCategory.ts",PRODUCTION
"packages/domain/src/memory/value-objects/MemoryConfidence.ts",PRODUCTION
"packages/domain/src/memory/value-objects/MemoryFreshness.ts",PRODUCTION
"packages/domain/src/memory/value-objects/MemoryId.ts",PRODUCTION
"packages/domain/src/memory/value-objects/MemoryImportance.ts",PRODUCTION
"packages/domain/src/memory/value-objects/MemoryRetentionPolicy.ts",PRODUCTION
"packages/domain/src/memory/value-objects/MemorySource.ts",PRODUCTION
"packages/domain/src/memory/value-objects/MemoryState.ts",PRODUCTION
"packages/domain/src/memory/value-objects/MemoryStrength.ts",PRODUCTION
"packages/domain/src/memory/value-objects/MemoryVersion.ts",PRODUCTION
"packages/domain/tsconfig.json",CONFIG
"packages/domain/vitest.config.ts",CONFIG
"packages/ecosystem-intelligence/package.json",CONFIG
"packages/ecosystem-intelligence/src/__tests__/AcquisitionPlanner.test.ts",TEST
"packages/ecosystem-intelligence/src/__tests__/EcosystemIntelligenceApplicationService.test.ts",TEST
"packages/ecosystem-intelligence/src/__tests__/FreeResourceIntelligence.test.ts",TEST
"packages/ecosystem-intelligence/src/__tests__/GitHubConnectionManager.test.ts",TEST
"packages/ecosystem-intelligence/src/__tests__/LicenseEngine.test.ts",TEST
"packages/ecosystem-intelligence/src/__tests__/LifecycleLedger.test.ts",TEST
"packages/ecosystem-intelligence/src/__tests__/NotificationGate.test.ts",TEST
"packages/ecosystem-intelligence/src/__tests__/RecommendationAssembler.test.ts",TEST
"packages/ecosystem-intelligence/src/__tests__/SecurityAssessor.test.ts",TEST
"packages/ecosystem-intelligence/src/__tests__/TaskIntelligenceEngine.test.ts",TEST
"packages/ecosystem-intelligence/src/__tests__/fixtures.ts",TEST
"packages/ecosystem-intelligence/src/application/EcosystemIntelligenceApplicationService.ts",PRODUCTION
"packages/ecosystem-intelligence/src/contracts/intelligence-ports.ts",PRODUCTION
"packages/ecosystem-intelligence/src/domain/AcquisitionPlanner.ts",PRODUCTION
"packages/ecosystem-intelligence/src/domain/FreeResourceIntelligence.ts",PRODUCTION
"packages/ecosystem-intelligence/src/domain/GitHubConnectionManager.ts",PRODUCTION
"packages/ecosystem-intelligence/src/domain/LicenseEngine.ts",PRODUCTION
"packages/ecosystem-intelligence/src/domain/LifecycleLedger.ts",PRODUCTION
"packages/ecosystem-intelligence/src/domain/NotificationGate.ts",PRODUCTION
"packages/ecosystem-intelligence/src/domain/RecommendationAssembler.ts",PRODUCTION
"packages/ecosystem-intelligence/src/domain/SecurityAssessor.ts",PRODUCTION
"packages/ecosystem-intelligence/src/domain/TaskIntelligenceEngine.ts",PRODUCTION
"packages/ecosystem-intelligence/src/index.ts",PRODUCTION
"packages/ecosystem-intelligence/src/infrastructure/InMemoryIntelligenceStores.ts",PRODUCTION
"packages/ecosystem-intelligence/src/infrastructure/PostgresIntelligenceStores.ts",PRODUCTION
"packages/ecosystem-intelligence/src/infrastructure/__tests__/PostgresIntelligenceStores.test.ts",TEST
"packages/ecosystem-intelligence/src/types/intelligence-types.ts",PRODUCTION
"packages/ecosystem-intelligence/tsconfig.json",CONFIG
"packages/ecosystem-intelligence/vitest.config.ts",CONFIG
"packages/ecosystem/package.json",CONFIG
"packages/ecosystem/src/__tests__/EcosystemServiceExtended.test.ts",TEST
"packages/ecosystem/src/__tests__/WorkflowExecutionServiceExtended.test.ts",TEST
"packages/ecosystem/src/__tests__/WorkflowRegistryExtended.test.ts",TEST
"packages/ecosystem/src/__tests__/career-intelligence.test.ts",TEST
"packages/ecosystem/src/__tests__/ecosystem.test.ts",TEST
"packages/ecosystem/src/__tests__/multi-agent-execution.test.ts",TEST
"packages/ecosystem/src/__tests__/workflow-execution.test.ts",TEST
"packages/ecosystem/src/application/WorkflowExecutionService.ts",PRODUCTION
"packages/ecosystem/src/catalog/career-intelligence-agents.ts",PRODUCTION
"packages/ecosystem/src/catalog/career-intelligence-types.ts",PRODUCTION
"packages/ecosystem/src/catalog/career-intelligence-workflow.ts",PRODUCTION
"packages/ecosystem/src/catalog/certification-workflow.ts",PRODUCTION
"packages/ecosystem/src/catalog/multi-agent-workflow.ts",PRODUCTION
"packages/ecosystem/src/domain/EcosystemService.ts",PRODUCTION
"packages/ecosystem/src/domain/entities/Agent.ts",PRODUCTION
"packages/ecosystem/src/domain/entities/Workflow.ts",PRODUCTION
"packages/ecosystem/src/domain/registries/AgentRegistry.ts",PRODUCTION
"packages/ecosystem/src/domain/registries/WorkflowRegistry.ts",PRODUCTION
"packages/ecosystem/src/index.ts",PRODUCTION
"packages/ecosystem/src/infrastructure/InMemoryWorkflowExecutionStore.ts",PRODUCTION
"packages/ecosystem/src/types/ecosystem-types.ts",PRODUCTION
"packages/ecosystem/src/types/execution-types.ts",PRODUCTION
"packages/ecosystem/tsconfig.json",CONFIG
"packages/ecosystem/vitest.config.ts",CONFIG
"packages/enterprise-brain/CHANGELOG.md",DOCUMENTATION
"packages/enterprise-brain/README.md",DOCUMENTATION
"packages/enterprise-brain/package.json",CONFIG
"packages/enterprise-brain/src/application/BrainApplicationService.ts",PRODUCTION
"packages/enterprise-brain/src/application/BrainDTO.ts",PRODUCTION
"packages/enterprise-brain/src/application/BrainMapper.ts",PRODUCTION
"packages/enterprise-brain/src/application/__tests__/BrainApplicationService.test.ts",TEST
"packages/enterprise-brain/src/catalog/__tests__/brain-catalog.test.ts",TEST
"packages/enterprise-brain/src/catalog/brain-catalog.ts",PRODUCTION
"packages/enterprise-brain/src/contracts/brain-engines.ts",PRODUCTION
"packages/enterprise-brain/src/domain/repository/BrainRepository.ts",PRODUCTION
"packages/enterprise-brain/src/domain/rules/BrainDecisionRules.ts",PRODUCTION
"packages/enterprise-brain/src/domain/rules/__tests__/BrainDecisionRules.test.ts",TEST
"packages/enterprise-brain/src/domain/services/BrainDecisionService.ts",PRODUCTION
"packages/enterprise-brain/src/domain/services/BrainExplainerService.ts",PRODUCTION
"packages/enterprise-brain/src/domain/services/BrainMetricsService.ts",PRODUCTION
"packages/enterprise-brain/src/domain/services/BrainPlanService.ts",PRODUCTION
"packages/enterprise-brain/src/domain/services/__tests__/BrainDecisionService.test.ts",TEST
"packages/enterprise-brain/src/domain/services/__tests__/BrainExplainerService.test.ts",TEST
"packages/enterprise-brain/src/domain/services/__tests__/BrainMetricsService.test.ts",TEST
"packages/enterprise-brain/src/domain/services/__tests__/BrainPlanService.test.ts",TEST
"packages/enterprise-brain/src/domain/value-objects/BrainDecisionId.ts",PRODUCTION
"packages/enterprise-brain/src/index.ts",PRODUCTION
"packages/enterprise-brain/src/infrastructure/InMemoryBrainRepository.ts",PRODUCTION
"packages/enterprise-brain/src/infrastructure/PostgresBrainRepository.ts",PRODUCTION
"packages/enterprise-brain/src/infrastructure/__tests__/InMemoryBrainRepository.test.ts",TEST
"packages/enterprise-brain/src/infrastructure/__tests__/PostgresBrainRepository.test.ts",TEST
"packages/enterprise-brain/src/types/brain-types.ts",PRODUCTION
"packages/enterprise-brain/tsconfig.json",CONFIG
"packages/enterprise-brain/vitest.config.ts",CONFIG
"packages/execution-bridge/package.json",CONFIG
"packages/execution-bridge/src/__tests__/ArtifactVerifier.test.ts",TEST
"packages/execution-bridge/src/__tests__/DomainUnits.test.ts",TEST
"packages/execution-bridge/src/__tests__/ExecutionRunService.test.ts",TEST
"packages/execution-bridge/src/__tests__/ExecutionRunServiceEdgeCases.test.ts",TEST
"packages/execution-bridge/src/__tests__/NodeArtifactReader.test.ts",TEST
"packages/execution-bridge/src/application/ExecutionRunService.ts",PRODUCTION
"packages/execution-bridge/src/contracts/artifact-ports.ts",PRODUCTION
"packages/execution-bridge/src/contracts/execution-ports.ts",PRODUCTION
"packages/execution-bridge/src/domain/ApprovalRuntime.ts",PRODUCTION
"packages/execution-bridge/src/domain/ArtifactVerifier.ts",PRODUCTION
"packages/execution-bridge/src/domain/CapabilityMapper.ts",PRODUCTION
"packages/execution-bridge/src/domain/PlanRunResolver.ts",PRODUCTION
"packages/execution-bridge/src/domain/PreferenceLedger.ts",PRODUCTION
"packages/execution-bridge/src/domain/RunBudgetGuard.ts",PRODUCTION
"packages/execution-bridge/src/domain/RunIntelligence.ts",PRODUCTION
"packages/execution-bridge/src/domain/StepVerifier.ts",PRODUCTION
"packages/execution-bridge/src/index.ts",PRODUCTION
"packages/execution-bridge/src/infrastructure/InMemoryExecutionRunStore.ts",PRODUCTION
"packages/execution-bridge/src/infrastructure/InMemoryPreferenceLedger.ts",PRODUCTION
"packages/execution-bridge/src/infrastructure/NodeArtifactReader.ts",PRODUCTION
"packages/execution-bridge/src/types/artifact-types.ts",PRODUCTION
"packages/execution-bridge/src/types/execution-types.ts",PRODUCTION
"packages/execution-bridge/tsconfig.json",CONFIG
"packages/execution-bridge/vitest.config.ts",CONFIG
"packages/execution-memory/package.json",CONFIG
"packages/execution-memory/src/__tests__/e2e-learning-cycle.test.ts",TEST
"packages/execution-memory/src/__tests__/execution-memory-service.test.ts",TEST
"packages/execution-memory/src/__tests__/execution-record.test.ts",TEST
"packages/execution-memory/src/__tests__/fixtures.ts",TEST
"packages/execution-memory/src/__tests__/integrations.test.ts",TEST
"packages/execution-memory/src/__tests__/learning-signals.test.ts",TEST
"packages/execution-memory/src/__tests__/memory-confidence.test.ts",TEST
"packages/execution-memory/src/__tests__/memory-validation.test.ts",TEST
"packages/execution-memory/src/application/ExecutionMemoryService.ts",PRODUCTION
"packages/execution-memory/src/contracts/execution-memory-ports.ts",PRODUCTION
"packages/execution-memory/src/domain/execution-record.ts",PRODUCTION
"packages/execution-memory/src/domain/learning-signals.ts",PRODUCTION
"packages/execution-memory/src/domain/memory-candidates.ts",PRODUCTION
"packages/execution-memory/src/domain/memory-confidence.ts",PRODUCTION
"packages/execution-memory/src/domain/memory-conflicts.ts",PRODUCTION
"packages/execution-memory/src/domain/memory-retrieval.ts",PRODUCTION
"packages/execution-memory/src/domain/memory-validation.ts",PRODUCTION
"packages/execution-memory/src/index.ts",PRODUCTION
"packages/execution-memory/src/infrastructure/InMemoryExecutionMemoryStore.ts",PRODUCTION
"packages/execution-memory/src/infrastructure/MemoryIntelligenceStoreAdapter.ts",PRODUCTION
"packages/execution-memory/src/infrastructure/integration-adapters.ts",PRODUCTION
"packages/execution-memory/src/types/execution-memory-types.ts",PRODUCTION
"packages/execution-memory/tsconfig.json",CONFIG
"packages/execution-memory/vitest.config.ts",CONFIG
"packages/execution-orchestrator/CHANGELOG.md",DOCUMENTATION
"packages/execution-orchestrator/README.md",DOCUMENTATION
"packages/execution-orchestrator/package.json",CONFIG
"packages/execution-orchestrator/src/application/OrchestratorApplicationService.ts",PRODUCTION
"packages/execution-orchestrator/src/application/OrchestratorDTO.ts",PRODUCTION
"packages/execution-orchestrator/src/application/OrchestratorMapper.ts",PRODUCTION
"packages/execution-orchestrator/src/application/__tests__/OrchestratorApplicationService.test.ts",TEST
"packages/execution-orchestrator/src/catalog/orchestrator-catalog.ts",PRODUCTION
"packages/execution-orchestrator/src/contracts/runtime-adapters.ts",PRODUCTION
"packages/execution-orchestrator/src/domain/__tests__/ExecutionGraphBuilderService.test.ts",TEST
"packages/execution-orchestrator/src/domain/__tests__/ExecutionGraphValidatorService.test.ts",TEST
"packages/execution-orchestrator/src/domain/__tests__/ExecutionRecoveryService.test.ts",TEST
"packages/execution-orchestrator/src/domain/__tests__/ExecutionSchedulerService.test.ts",TEST
"packages/execution-orchestrator/src/domain/__tests__/ExecutionSessionService.test.ts",TEST
"packages/execution-orchestrator/src/domain/__tests__/ExecutionStateMachineService.test.ts",TEST
"packages/execution-orchestrator/src/domain/repository/ExecutionGraphRepository.ts",PRODUCTION
"packages/execution-orchestrator/src/domain/repository/ExecutionHistoryRepository.ts",PRODUCTION
"packages/execution-orchestrator/src/domain/repository/ExecutionQueueRepository.ts",PRODUCTION
"packages/execution-orchestrator/src/domain/repository/ExecutionSessionRepository.ts",PRODUCTION
"packages/execution-orchestrator/src/domain/repository/WorkerRegistry.ts",PRODUCTION
"packages/execution-orchestrator/src/domain/services/ExecutionEventService.ts",PRODUCTION
"packages/execution-orchestrator/src/domain/services/ExecutionGraphBuilderService.ts",PRODUCTION
"packages/execution-orchestrator/src/domain/services/ExecutionGraphValidatorService.ts",PRODUCTION
"packages/execution-orchestrator/src/domain/services/ExecutionMonitorService.ts",PRODUCTION
"packages/execution-orchestrator/src/domain/services/ExecutionRecoveryService.ts",PRODUCTION
"packages/execution-orchestrator/src/domain/services/ExecutionSchedulerService.ts",PRODUCTION
"packages/execution-orchestrator/src/domain/services/ExecutionSessionService.ts",PRODUCTION
"packages/execution-orchestrator/src/domain/services/ExecutionStateMachineService.ts",PRODUCTION
"packages/execution-orchestrator/src/domain/value-objects/Identifiers.ts",PRODUCTION
"packages/execution-orchestrator/src/index.ts",PRODUCTION
"packages/execution-orchestrator/src/infrastructure/InMemoryExecutionGraphRepository.ts",PRODUCTION
"packages/execution-orchestrator/src/infrastructure/InMemoryExecutionHistoryRepository.ts",PRODUCTION
"packages/execution-orchestrator/src/infrastructure/InMemoryExecutionQueueRepository.ts",PRODUCTION
"packages/execution-orchestrator/src/infrastructure/InMemoryExecutionSessionRepository.ts",PRODUCTION
"packages/execution-orchestrator/src/infrastructure/InMemoryWorkerRegistry.ts",PRODUCTION
"packages/execution-orchestrator/src/infrastructure/__tests__/InMemoryRepositories.test.ts",TEST
"packages/execution-orchestrator/src/types/orchestrator-types.ts",PRODUCTION
"packages/execution-orchestrator/tsconfig.json",CONFIG
"packages/execution-orchestrator/vitest.config.ts",CONFIG
"packages/execution-strategy/CHANGELOG.md",DOCUMENTATION
"packages/execution-strategy/README.md",DOCUMENTATION
"packages/execution-strategy/package.json",CONFIG
"packages/execution-strategy/src/application/ExecutionStrategyApplicationService.ts",PRODUCTION
"packages/execution-strategy/src/application/StrategyDTO.ts",PRODUCTION
"packages/execution-strategy/src/application/StrategyMapper.ts",PRODUCTION
"packages/execution-strategy/src/application/__tests__/ExecutionStrategyApplicationService.test.ts",TEST
"packages/execution-strategy/src/catalog/strategy-catalog.ts",PRODUCTION
"packages/execution-strategy/src/domain/__tests__/BudgetEngineService.test.ts",TEST
"packages/execution-strategy/src/domain/__tests__/CapabilityPlannerService.test.ts",TEST
"packages/execution-strategy/src/domain/__tests__/FallbackEngineService.test.ts",TEST
"packages/execution-strategy/src/domain/__tests__/InMemoryExecutionStrategyRepository.test.ts",TEST
"packages/execution-strategy/src/domain/__tests__/RiskEngineService.test.ts",TEST
"packages/execution-strategy/src/domain/__tests__/StrategyValidatorService.test.ts",TEST
"packages/execution-strategy/src/domain/repository/ExecutionStrategyRepository.ts",PRODUCTION
"packages/execution-strategy/src/domain/services/BudgetEngineService.ts",PRODUCTION
"packages/execution-strategy/src/domain/services/CapabilityPlannerService.ts",PRODUCTION
"packages/execution-strategy/src/domain/services/ExecutionStrategyService.ts",PRODUCTION
"packages/execution-strategy/src/domain/services/FallbackEngineService.ts",PRODUCTION
"packages/execution-strategy/src/domain/services/ProviderCandidateService.ts",PRODUCTION
"packages/execution-strategy/src/domain/services/RiskEngineService.ts",PRODUCTION
"packages/execution-strategy/src/domain/services/StrategyValidatorService.ts",PRODUCTION
"packages/execution-strategy/src/domain/value-objects/StrategyId.ts",PRODUCTION
"packages/execution-strategy/src/index.ts",PRODUCTION
"packages/execution-strategy/src/infrastructure/InMemoryExecutionStrategyRepository.ts",PRODUCTION
"packages/execution-strategy/src/infrastructure/PostgresExecutionStrategyRepository.ts",PRODUCTION
"packages/execution-strategy/src/infrastructure/__tests__/PostgresExecutionStrategyRepository.test.ts",TEST
"packages/execution-strategy/src/types/strategy-types.ts",PRODUCTION
"packages/execution-strategy/tsconfig.json",CONFIG
"packages/execution-strategy/vitest.config.ts",CONFIG
"packages/experience-optimization/package.json",CONFIG
"packages/experience-optimization/src/__tests__/e2e-optimization.test.ts",TEST
"packages/experience-optimization/src/__tests__/fixtures.ts",TEST
"packages/experience-optimization/src/__tests__/integration-adapters.test.ts",TEST
"packages/experience-optimization/src/__tests__/service.test.ts",TEST
"packages/experience-optimization/src/__tests__/strategy-comparison.test.ts",TEST
"packages/experience-optimization/src/__tests__/strategy-evidence.test.ts",TEST
"packages/experience-optimization/src/__tests__/strategy-scoring.test.ts",TEST
"packages/experience-optimization/src/application/ExperienceOptimizationService.ts",PRODUCTION
"packages/experience-optimization/src/contracts/experience-optimization-ports.ts",PRODUCTION
"packages/experience-optimization/src/domain/strategy-comparison.ts",PRODUCTION
"packages/experience-optimization/src/domain/strategy-evidence.ts",PRODUCTION
"packages/experience-optimization/src/domain/strategy-exploration.ts",PRODUCTION
"packages/experience-optimization/src/domain/strategy-scoring.ts",PRODUCTION
"packages/experience-optimization/src/index.ts",PRODUCTION
"packages/experience-optimization/src/infrastructure/ExperienceMemoryPortAdapter.ts",PRODUCTION
"packages/experience-optimization/src/infrastructure/InMemoryRecommendationOutcomeStore.ts",PRODUCTION
"packages/experience-optimization/src/infrastructure/integration-adapters.ts",PRODUCTION
"packages/experience-optimization/src/types/experience-optimization-types.ts",PRODUCTION
"packages/experience-optimization/tsconfig.json",CONFIG
"packages/experience-optimization/vitest.config.ts",CONFIG
"packages/experience/package.json",CONFIG
"packages/experience/src/application/ExperienceApplicationService.ts",PRODUCTION
"packages/experience/src/application/ExperienceDTO.ts",PRODUCTION
"packages/experience/src/application/__tests__/ExperienceApplicationService.test.ts",TEST
"packages/experience/src/catalog/design-knowledge.ts",PRODUCTION
"packages/experience/src/contracts/AICritiquePort.ts",PRODUCTION
"packages/experience/src/domain/AccessibilityEngine.ts",PRODUCTION
"packages/experience/src/domain/DesignDecisionEngine.ts",PRODUCTION
"packages/experience/src/domain/DesignSystemEngine.ts",PRODUCTION
"packages/experience/src/domain/EvidenceClassifier.ts",PRODUCTION
"packages/experience/src/domain/ExperienceEngine.ts",PRODUCTION
"packages/experience/src/domain/QualityEvaluator.ts",PRODUCTION
"packages/experience/src/domain/RefinementPlanner.ts",PRODUCTION
"packages/experience/src/domain/ResponsiveIntelligenceEngine.ts",PRODUCTION
"packages/experience/src/domain/StateIntelligenceEngine.ts",PRODUCTION
"packages/experience/src/domain/TraceabilityEngine.ts",PRODUCTION
"packages/experience/src/domain/UIBlueprintEngine.ts",PRODUCTION
"packages/experience/src/domain/VisualCriticEngine.ts",PRODUCTION
"packages/experience/src/domain/__tests__/AICritiqueSeam.test.ts",TEST
"packages/experience/src/domain/__tests__/CriticAndQuality.test.ts",TEST
"packages/experience/src/domain/__tests__/DesignSystemEngines.test.ts",TEST
"packages/experience/src/index.ts",PRODUCTION
"packages/experience/src/types/experience-types.ts",PRODUCTION
"packages/experience/tsconfig.json",CONFIG
"packages/experience/vitest.config.ts",CONFIG
"packages/goals/CHANGELOG.md",DOCUMENTATION
"packages/goals/README.md",DOCUMENTATION
"packages/goals/package.json",CONFIG
"packages/goals/src/application/GoalDTO.ts",PRODUCTION
"packages/goals/src/application/GoalMapper.ts",PRODUCTION
"packages/goals/src/application/GoalsApplicationService.ts",PRODUCTION
"packages/goals/src/application/__tests__/GoalsApplicationService.test.ts",TEST
"packages/goals/src/catalog/goal-catalog.ts",PRODUCTION
"packages/goals/src/domain/__tests__/GoalClassificationService.test.ts",TEST
"packages/goals/src/domain/__tests__/GoalLifecycleService.test.ts",TEST
"packages/goals/src/domain/__tests__/GoalUnderstandingService.test.ts",TEST
"packages/goals/src/domain/__tests__/GoalValidationService.test.ts",TEST
"packages/goals/src/domain/__tests__/ProblemUnderstandingService.test.ts",TEST
"packages/goals/src/domain/__tests__/TaskDecompositionService.test.ts",TEST
"packages/goals/src/domain/__tests__/TaskDependencyGraphService.test.ts",TEST
"packages/goals/src/domain/__tests__/TaskPrioritizationService.test.ts",TEST
"packages/goals/src/domain/repository/GoalRepository.ts",PRODUCTION
"packages/goals/src/domain/repository/TaskRepository.ts",PRODUCTION
"packages/goals/src/domain/services/GoalClassificationService.ts",PRODUCTION
"packages/goals/src/domain/services/GoalEventService.ts",PRODUCTION
"packages/goals/src/domain/services/GoalHierarchyService.ts",PRODUCTION
"packages/goals/src/domain/services/GoalLifecycleService.ts",PRODUCTION
"packages/goals/src/domain/services/GoalUnderstandingService.ts",PRODUCTION
"packages/goals/src/domain/services/GoalValidationService.ts",PRODUCTION
"packages/goals/src/domain/services/ProblemUnderstandingService.ts",PRODUCTION
"packages/goals/src/domain/services/SuccessCriteriaService.ts",PRODUCTION
"packages/goals/src/domain/services/TaskDecompositionService.ts",PRODUCTION
"packages/goals/src/domain/services/TaskDependencyGraphService.ts",PRODUCTION
"packages/goals/src/domain/services/TaskPrioritizationService.ts",PRODUCTION
"packages/goals/src/domain/value-objects/Identifiers.ts",PRODUCTION
"packages/goals/src/index.ts",PRODUCTION
"packages/goals/src/infrastructure/InMemoryGoalRepository.ts",PRODUCTION
"packages/goals/src/infrastructure/InMemoryTaskRepository.ts",PRODUCTION
"packages/goals/src/infrastructure/PostgresGoalRepository.ts",PRODUCTION
"packages/goals/src/infrastructure/PostgresTaskRepository.ts",PRODUCTION
"packages/goals/src/infrastructure/__tests__/InMemoryRepositories.test.ts",TEST
"packages/goals/src/infrastructure/__tests__/PostgresGoalRepository.test.ts",TEST
"packages/goals/src/types/goal-types.ts",PRODUCTION
"packages/goals/src/types/problem-types.ts",PRODUCTION
"packages/goals/tsconfig.json",CONFIG
"packages/goals/vitest.config.ts",CONFIG
"packages/information/README.md",DOCUMENTATION
"packages/information/package.json",CONFIG
"packages/information/src/constants/index.ts",PRODUCTION
"packages/information/src/errors/index.ts",PRODUCTION
"packages/information/src/index.ts",PRODUCTION
"packages/information/src/modules/index.ts",PRODUCTION
"packages/information/src/types/index.ts",PRODUCTION
"packages/information/src/utils/index.ts",PRODUCTION
"packages/information/tsconfig.json",CONFIG
"packages/intelligence-fabric/package.json",CONFIG
"packages/intelligence-fabric/src/__tests__/AutonomyPolicy.test.ts",TEST
"packages/intelligence-fabric/src/__tests__/CostPolicyGuard.test.ts",TEST
"packages/intelligence-fabric/src/__tests__/IntelligenceFabricService.test.ts",TEST
"packages/intelligence-fabric/src/__tests__/ProviderHealthLedger.test.ts",TEST
"packages/intelligence-fabric/src/__tests__/ResultNormalizer.test.ts",TEST
"packages/intelligence-fabric/src/__tests__/SelectionStrategy.test.ts",TEST
"packages/intelligence-fabric/src/__tests__/VerificationChainPolicy.test.ts",TEST
"packages/intelligence-fabric/src/__tests__/WorkflowBounds.test.ts",TEST
"packages/intelligence-fabric/src/application/IntelligenceFabricService.ts",PRODUCTION
"packages/intelligence-fabric/src/contracts/fabric-ports.ts",PRODUCTION
"packages/intelligence-fabric/src/domain/AutonomyPolicy.ts",PRODUCTION
"packages/intelligence-fabric/src/domain/CostPolicyGuard.ts",PRODUCTION
"packages/intelligence-fabric/src/domain/ProviderHealthLedger.ts",PRODUCTION
"packages/intelligence-fabric/src/domain/ResultNormalizer.ts",PRODUCTION
"packages/intelligence-fabric/src/domain/SelectionStrategy.ts",PRODUCTION
"packages/intelligence-fabric/src/domain/VerificationChainPolicy.ts",PRODUCTION
"packages/intelligence-fabric/src/domain/WorkflowBounds.ts",PRODUCTION
"packages/intelligence-fabric/src/index.ts",PRODUCTION
"packages/intelligence-fabric/src/types/fabric-types.ts",PRODUCTION
"packages/intelligence-fabric/tsconfig.json",CONFIG
"packages/intelligence-fabric/vitest.config.ts",CONFIG
"packages/intelligence/CHANGELOG.md",DOCUMENTATION
"packages/intelligence/README.md",DOCUMENTATION
"packages/intelligence/package.json",CONFIG
"packages/intelligence/src/application/IntelligenceApplicationService.ts",PRODUCTION
"packages/intelligence/src/application/PipelineDTO.ts",PRODUCTION
"packages/intelligence/src/application/PipelineMapper.ts",PRODUCTION
"packages/intelligence/src/application/__tests__/IntelligenceApplicationService.test.ts",TEST
"packages/intelligence/src/application/__tests__/test-engines.ts",TEST
"packages/intelligence/src/catalog/__tests__/pipeline-catalog.test.ts",TEST
"packages/intelligence/src/catalog/pipeline-catalog.ts",PRODUCTION
"packages/intelligence/src/contracts/pipeline-engines.ts",PRODUCTION
"packages/intelligence/src/domain/repository/PipelineRepository.ts",PRODUCTION
"packages/intelligence/src/domain/services/PipelineBuilderService.ts",PRODUCTION
"packages/intelligence/src/domain/services/PipelineExplainerService.ts",PRODUCTION
"packages/intelligence/src/domain/services/PipelineSummaryService.ts",PRODUCTION
"packages/intelligence/src/domain/services/PipelineValidatorService.ts",PRODUCTION
"packages/intelligence/src/domain/services/__tests__/PipelineBuilderService.failure-paths.test.ts",TEST
"packages/intelligence/src/domain/services/__tests__/PipelineBuilderService.test.ts",TEST
"packages/intelligence/src/domain/services/__tests__/PipelineExplainerService.test.ts",TEST
"packages/intelligence/src/domain/services/__tests__/PipelineSummaryService.test.ts",TEST
"packages/intelligence/src/domain/services/__tests__/PipelineValidatorService.test.ts",TEST
"packages/intelligence/src/domain/value-objects/PipelineId.ts",PRODUCTION
"packages/intelligence/src/index.ts",PRODUCTION
"packages/intelligence/src/infrastructure/InMemoryPipelineRepository.ts",PRODUCTION
"packages/intelligence/src/infrastructure/PostgresPipelineRepository.ts",PRODUCTION
"packages/intelligence/src/infrastructure/__tests__/InMemoryPipelineRepository.test.ts",TEST
"packages/intelligence/src/infrastructure/__tests__/PostgresPipelineRepository.test.ts",TEST
"packages/intelligence/src/types/pipeline-types.ts",PRODUCTION
"packages/intelligence/tsconfig.json",CONFIG
"packages/intelligence/vitest.config.ts",CONFIG
"packages/knowledge-intelligence/CHANGELOG.md",DOCUMENTATION
"packages/knowledge-intelligence/README.md",DOCUMENTATION
"packages/knowledge-intelligence/coverage-analyze.mjs",OTHER
"packages/knowledge-intelligence/package.json",CONFIG
"packages/knowledge-intelligence/src/application/KnowledgeApplicationService.ts",PRODUCTION
"packages/knowledge-intelligence/src/application/KnowledgeDTO.ts",PRODUCTION
"packages/knowledge-intelligence/src/application/KnowledgeMapper.ts",PRODUCTION
"packages/knowledge-intelligence/src/application/__tests__/KnowledgeApplicationService.test.ts",TEST
"packages/knowledge-intelligence/src/catalog/__tests__/knowledge-catalog.test.ts",TEST
"packages/knowledge-intelligence/src/catalog/knowledge-catalog.ts",PRODUCTION
"packages/knowledge-intelligence/src/contracts/knowledge-engines.ts",PRODUCTION
"packages/knowledge-intelligence/src/domain/graph/KnowledgeGraph.ts",PRODUCTION
"packages/knowledge-intelligence/src/domain/repository/KnowledgeRepository.ts",PRODUCTION
"packages/knowledge-intelligence/src/domain/rules/KnowledgeRules.ts",PRODUCTION
"packages/knowledge-intelligence/src/domain/rules/__tests__/KnowledgeRules.test.ts",TEST
"packages/knowledge-intelligence/src/domain/services/KnowledgeAnalyticsService.ts",PRODUCTION
"packages/knowledge-intelligence/src/domain/services/KnowledgeCitationService.ts",PRODUCTION
"packages/knowledge-intelligence/src/domain/services/KnowledgeEnrichmentService.ts",PRODUCTION
"packages/knowledge-intelligence/src/domain/services/KnowledgeExplainerService.ts",PRODUCTION
"packages/knowledge-intelligence/src/domain/services/KnowledgeLifecycleService.ts",PRODUCTION
"packages/knowledge-intelligence/src/domain/services/KnowledgeRankingService.ts",PRODUCTION
"packages/knowledge-intelligence/src/domain/services/KnowledgeRelationshipService.ts",PRODUCTION
"packages/knowledge-intelligence/src/domain/services/KnowledgeSearchService.ts",PRODUCTION
"packages/knowledge-intelligence/src/domain/services/KnowledgeTrustScoreService.ts",PRODUCTION
"packages/knowledge-intelligence/src/domain/services/KnowledgeValidationService.ts",PRODUCTION
"packages/knowledge-intelligence/src/domain/services/KnowledgeVersionService.ts",PRODUCTION
"packages/knowledge-intelligence/src/domain/services/__tests__/KnowledgeAnalyticsService.test.ts",TEST
"packages/knowledge-intelligence/src/domain/services/__tests__/KnowledgeCitationService.test.ts",TEST
"packages/knowledge-intelligence/src/domain/services/__tests__/KnowledgeEnrichmentService.test.ts",TEST
"packages/knowledge-intelligence/src/domain/services/__tests__/KnowledgeLifecycleService.test.ts",TEST
"packages/knowledge-intelligence/src/domain/services/__tests__/KnowledgeRankingService.test.ts",TEST
"packages/knowledge-intelligence/src/domain/services/__tests__/KnowledgeRelationshipService.test.ts",TEST
"packages/knowledge-intelligence/src/domain/services/__tests__/KnowledgeSearchService.test.ts",TEST
"packages/knowledge-intelligence/src/domain/services/__tests__/KnowledgeTrustScoreService.test.ts",TEST
"packages/knowledge-intelligence/src/domain/services/__tests__/KnowledgeValidationService.test.ts",TEST
"packages/knowledge-intelligence/src/domain/services/__tests__/KnowledgeVersionService.test.ts",TEST
"packages/knowledge-intelligence/src/domain/value-objects/KnowledgeId.ts",PRODUCTION
"packages/knowledge-intelligence/src/index.ts",PRODUCTION
"packages/knowledge-intelligence/src/infrastructure/InMemoryKnowledgeGraph.ts",PRODUCTION
"packages/knowledge-intelligence/src/infrastructure/InMemoryKnowledgeRepository.ts",PRODUCTION
"packages/knowledge-intelligence/src/infrastructure/PostgresKnowledgeGraph.ts",PRODUCTION
"packages/knowledge-intelligence/src/infrastructure/PostgresKnowledgeRepository.ts",PRODUCTION
"packages/knowledge-intelligence/src/infrastructure/__tests__/InMemoryKnowledgeGraph.test.ts",TEST
"packages/knowledge-intelligence/src/infrastructure/__tests__/InMemoryKnowledgeRepository.test.ts",TEST
"packages/knowledge-intelligence/src/infrastructure/__tests__/PostgresKnowledgeGraph.test.ts",TEST
"packages/knowledge-intelligence/src/infrastructure/__tests__/PostgresKnowledgeRepository.test.ts",TEST
"packages/knowledge-intelligence/src/types/knowledge-types.ts",PRODUCTION
"packages/knowledge-intelligence/tsconfig.json",CONFIG
"packages/knowledge-intelligence/vitest.config.ts",CONFIG
"packages/learning-intelligence/CHANGELOG.md",DOCUMENTATION
"packages/learning-intelligence/README.md",DOCUMENTATION
"packages/learning-intelligence/package.json",CONFIG
"packages/learning-intelligence/src/application/LearningDTO.ts",PRODUCTION
"packages/learning-intelligence/src/application/LearningIntelligenceApplicationService.ts",PRODUCTION
"packages/learning-intelligence/src/application/LearningMapper.ts",PRODUCTION
"packages/learning-intelligence/src/application/__tests__/LearningIntelligenceApplicationService.test.ts",TEST
"packages/learning-intelligence/src/catalog/__tests__/learning-catalog.test.ts",TEST
"packages/learning-intelligence/src/catalog/learning-catalog.ts",PRODUCTION
"packages/learning-intelligence/src/contracts/learning-engines.ts",PRODUCTION
"packages/learning-intelligence/src/domain/repository/LearningRepository.ts",PRODUCTION
"packages/learning-intelligence/src/domain/rules/LearningRules.ts",PRODUCTION
"packages/learning-intelligence/src/domain/rules/__tests__/LearningRules.test.ts",TEST
"packages/learning-intelligence/src/domain/services/LearningAggregationService.ts",PRODUCTION
"packages/learning-intelligence/src/domain/services/LearningInsightService.ts",PRODUCTION
"packages/learning-intelligence/src/domain/services/LearningRecommendationService.ts",PRODUCTION
"packages/learning-intelligence/src/domain/services/LearningReportService.ts",PRODUCTION
"packages/learning-intelligence/src/domain/services/LearningSafetyService.ts",PRODUCTION
"packages/learning-intelligence/src/domain/services/__tests__/LearningAggregationService.test.ts",TEST
"packages/learning-intelligence/src/domain/services/__tests__/LearningInsightService.test.ts",TEST
"packages/learning-intelligence/src/domain/services/__tests__/LearningRecommendationService.test.ts",TEST
"packages/learning-intelligence/src/domain/services/__tests__/LearningReportService.test.ts",TEST
"packages/learning-intelligence/src/domain/services/__tests__/LearningSafetyService.test.ts",TEST
"packages/learning-intelligence/src/domain/value-objects/LearningEventId.ts",PRODUCTION
"packages/learning-intelligence/src/domain/value-objects/RecommendationId.ts",PRODUCTION
"packages/learning-intelligence/src/index.ts",PRODUCTION
"packages/learning-intelligence/src/infrastructure/InMemoryLearningRepository.ts",PRODUCTION
"packages/learning-intelligence/src/infrastructure/PostgresLearningRepository.ts",PRODUCTION
"packages/learning-intelligence/src/infrastructure/__tests__/InMemoryLearningRepository.test.ts",TEST
"packages/learning-intelligence/src/infrastructure/__tests__/PostgresLearningRepository.test.ts",TEST
"packages/learning-intelligence/src/types/learning-types.ts",PRODUCTION
"packages/learning-intelligence/tsconfig.json",CONFIG
"packages/learning-intelligence/vitest.config.ts",CONFIG
"packages/live-intelligence-bridge/package.json",CONFIG
"packages/live-intelligence-bridge/src/__tests__/LiveIntelligenceBridgeService.test.ts",TEST
"packages/live-intelligence-bridge/src/__tests__/bridge-domain-coverage.test.ts",TEST
"packages/live-intelligence-bridge/src/__tests__/bridge-fixtures.ts",TEST
"packages/live-intelligence-bridge/src/application/LiveIntelligenceBridgeService.ts",PRODUCTION
"packages/live-intelligence-bridge/src/contracts/bridge-ports.ts",PRODUCTION
"packages/live-intelligence-bridge/src/domain/AcquisitionClassifier.ts",PRODUCTION
"packages/live-intelligence-bridge/src/domain/BridgeApprovalPolicy.ts",PRODUCTION
"packages/live-intelligence-bridge/src/domain/BridgeCandidateAssembler.ts",PRODUCTION
"packages/live-intelligence-bridge/src/domain/BridgeComparisonBuilder.ts",PRODUCTION
"packages/live-intelligence-bridge/src/domain/BridgeNotificationMapper.ts",PRODUCTION
"packages/live-intelligence-bridge/src/domain/BridgeOutcomeEvaluator.ts",PRODUCTION
"packages/live-intelligence-bridge/src/domain/BridgePreferenceFeedback.ts",PRODUCTION
"packages/live-intelligence-bridge/src/domain/BridgeRecommendationBuilder.ts",PRODUCTION
"packages/live-intelligence-bridge/src/index.ts",PRODUCTION
"packages/live-intelligence-bridge/src/infrastructure/InMemoryBridgeLoopStore.ts",PRODUCTION
"packages/live-intelligence-bridge/src/infrastructure/PostgresBridgeLoopStore.ts",PRODUCTION
"packages/live-intelligence-bridge/src/infrastructure/__tests__/PostgresBridgeLoopStore.test.ts",TEST
"packages/live-intelligence-bridge/src/types/bridge-types.ts",PRODUCTION
"packages/live-intelligence-bridge/tsconfig.json",CONFIG
"packages/live-intelligence-bridge/vitest.config.ts",CONFIG
"packages/loop-engine/README.md",DOCUMENTATION
"packages/loop-engine/package.json",CONFIG
"packages/loop-engine/src/application/LoopApplicationService.ts",PRODUCTION
"packages/loop-engine/src/application/LoopDTO.ts",PRODUCTION
"packages/loop-engine/src/application/LoopMapper.ts",PRODUCTION
"packages/loop-engine/src/application/__tests__/LoopApplicationService.test.ts",TEST
"packages/loop-engine/src/application/__tests__/LoopMapper.test.ts",TEST
"packages/loop-engine/src/catalog/__tests__/loop-catalog.test.ts",TEST
"packages/loop-engine/src/catalog/loop-catalog.ts",PRODUCTION
"packages/loop-engine/src/contracts/loop-ports.ts",PRODUCTION
"packages/loop-engine/src/domain/CriticEvaluator.ts",PRODUCTION
"packages/loop-engine/src/domain/GoalUnderstandingService.ts",PRODUCTION
"packages/loop-engine/src/domain/LoopBudget.ts",PRODUCTION
"packages/loop-engine/src/domain/LoopEngine.ts",PRODUCTION
"packages/loop-engine/src/domain/RefinementPlanner.ts",PRODUCTION
"packages/loop-engine/src/domain/TaskDecompositionService.ts",PRODUCTION
"packages/loop-engine/src/domain/__tests__/CriticEvaluator.test.ts",TEST
"packages/loop-engine/src/domain/__tests__/GoalUnderstandingService.test.ts",TEST
"packages/loop-engine/src/domain/__tests__/LoopBudget.test.ts",TEST
"packages/loop-engine/src/domain/__tests__/LoopEngine.test.ts",TEST
"packages/loop-engine/src/domain/__tests__/RefinementPlanner.test.ts",TEST
"packages/loop-engine/src/domain/__tests__/TaskDecompositionService.test.ts",TEST
"packages/loop-engine/src/domain/__tests__/fixtures.ts",TEST
"packages/loop-engine/src/index.ts",PRODUCTION
"packages/loop-engine/src/infrastructure/AIOrchestratorSpecialistPort.ts",PRODUCTION
"packages/loop-engine/src/infrastructure/LoopRunStore.ts",PRODUCTION
"packages/loop-engine/src/infrastructure/SystemClock.ts",PRODUCTION
"packages/loop-engine/src/infrastructure/ToolRegistryToolPort.ts",PRODUCTION
"packages/loop-engine/src/infrastructure/__tests__/AIOrchestratorSpecialistPort.test.ts",TEST
"packages/loop-engine/src/infrastructure/__tests__/LoopRunStore.test.ts",TEST
"packages/loop-engine/src/infrastructure/__tests__/SystemClock.test.ts",TEST
"packages/loop-engine/src/infrastructure/__tests__/ToolRegistryToolPort.test.ts",TEST
"packages/loop-engine/src/types/loop-types.ts",PRODUCTION
"packages/loop-engine/tsconfig.json",CONFIG
"packages/loop-engine/vitest.config.ts",CONFIG
"packages/memory-intelligence/CHANGELOG.md",DOCUMENTATION
"packages/memory-intelligence/README.md",DOCUMENTATION
"packages/memory-intelligence/package.json",CONFIG
"packages/memory-intelligence/src/application/MemoryApplicationService.ts",PRODUCTION
"packages/memory-intelligence/src/application/MemoryDTO.ts",PRODUCTION
"packages/memory-intelligence/src/application/MemoryMapper.ts",PRODUCTION
"packages/memory-intelligence/src/application/__tests__/MemoryApplicationService.test.ts",TEST
"packages/memory-intelligence/src/catalog/__tests__/memory-catalog.test.ts",TEST
"packages/memory-intelligence/src/catalog/memory-catalog.ts",PRODUCTION
"packages/memory-intelligence/src/contracts/memory-engines.ts",PRODUCTION
"packages/memory-intelligence/src/domain/graph/MemoryGraph.ts",PRODUCTION
"packages/memory-intelligence/src/domain/repository/MemoryRepository.ts",PRODUCTION
"packages/memory-intelligence/src/domain/rules/MemoryRules.ts",PRODUCTION
"packages/memory-intelligence/src/domain/rules/__tests__/MemoryRules.test.ts",TEST
"packages/memory-intelligence/src/domain/services/MemoryAnalyticsService.ts",PRODUCTION
"packages/memory-intelligence/src/domain/services/MemoryCaptureService.ts",PRODUCTION
"packages/memory-intelligence/src/domain/services/MemoryCitationService.ts",PRODUCTION
"packages/memory-intelligence/src/domain/services/MemoryCompressionService.ts",PRODUCTION
"packages/memory-intelligence/src/domain/services/MemoryConsolidationService.ts",PRODUCTION
"packages/memory-intelligence/src/domain/services/MemoryExpirationService.ts",PRODUCTION
"packages/memory-intelligence/src/domain/services/MemoryImportanceService.ts",PRODUCTION
"packages/memory-intelligence/src/domain/services/MemoryLifecycleService.ts",PRODUCTION
"packages/memory-intelligence/src/domain/services/MemoryRankingService.ts",PRODUCTION
"packages/memory-intelligence/src/domain/services/MemoryRelationshipService.ts",PRODUCTION
"packages/memory-intelligence/src/domain/services/MemoryRetrievalService.ts",PRODUCTION
"packages/memory-intelligence/src/domain/services/__tests__/MemoryCoreServices.test.ts",TEST
"packages/memory-intelligence/src/domain/services/__tests__/MemoryCoverageServices.test.ts",TEST
"packages/memory-intelligence/src/domain/services/__tests__/MemoryPipelineServices.test.ts",TEST
"packages/memory-intelligence/src/domain/value-objects/MemoryId.ts",PRODUCTION
"packages/memory-intelligence/src/index.ts",PRODUCTION
"packages/memory-intelligence/src/infrastructure/InMemoryMemoryGraph.ts",PRODUCTION
"packages/memory-intelligence/src/infrastructure/InMemoryMemoryRepository.ts",PRODUCTION
"packages/memory-intelligence/src/infrastructure/PostgresMemoryGraph.ts",PRODUCTION
"packages/memory-intelligence/src/infrastructure/PostgresMemoryRepository.ts",PRODUCTION
"packages/memory-intelligence/src/infrastructure/__tests__/InMemoryMemoryRepository.test.ts",TEST
"packages/memory-intelligence/src/infrastructure/__tests__/PostgresMemoryRepository.test.ts",TEST
"packages/memory-intelligence/src/types/memory-types.ts",PRODUCTION
"packages/memory-intelligence/tsconfig.json",CONFIG
"packages/memory-intelligence/vitest.config.ts",CONFIG
"packages/mission-controller/package.json",CONFIG
"packages/mission-controller/src/__tests__/bld-021a-requirements.test.ts",TEST
"packages/mission-controller/src/__tests__/budget-limits.test.ts",TEST
"packages/mission-controller/src/__tests__/crash-recovery.test.ts",TEST
"packages/mission-controller/src/__tests__/development-and-git-safety.test.ts",TEST
"packages/mission-controller/src/__tests__/e2e-mission.test.ts",TEST
"packages/mission-controller/src/__tests__/fixtures.ts",TEST
"packages/mission-controller/src/__tests__/foundations-regression.test.ts",TEST
"packages/mission-controller/src/__tests__/human-control.test.ts",TEST
"packages/mission-controller/src/__tests__/mission-lifecycle.test.ts",TEST
"packages/mission-controller/src/__tests__/objectives-and-recovery.test.ts",TEST
"packages/mission-controller/src/__tests__/provider-failover.test.ts",TEST
"packages/mission-controller/src/__tests__/restart-recovery.test.ts",TEST
"packages/mission-controller/src/__tests__/security-boundaries.test.ts",TEST
"packages/mission-controller/src/application/MissionControllerService.ts",PRODUCTION
"packages/mission-controller/src/contracts/mission-ports.ts",PRODUCTION
"packages/mission-controller/src/domain/development-objective-selector.ts",PRODUCTION
"packages/mission-controller/src/domain/git-safety-policy.ts",PRODUCTION
"packages/mission-controller/src/domain/goal-understanding.ts",PRODUCTION
"packages/mission-controller/src/domain/mission-budget-enforcer.ts",PRODUCTION
"packages/mission-controller/src/domain/mission-failure-classifier.ts",PRODUCTION
"packages/mission-controller/src/domain/mission-progress-calculator.ts",PRODUCTION
"packages/mission-controller/src/domain/mission-state-machine.ts",PRODUCTION
"packages/mission-controller/src/domain/objective-selector.ts",PRODUCTION
"packages/mission-controller/src/domain/provider-availability.ts",PRODUCTION
"packages/mission-controller/src/index.ts",PRODUCTION
"packages/mission-controller/src/infrastructure/IdGenerator.ts",PRODUCTION
"packages/mission-controller/src/infrastructure/InMemoryCheckpointStore.ts",PRODUCTION
"packages/mission-controller/src/infrastructure/InMemoryMissionStore.ts",PRODUCTION
"packages/mission-controller/src/infrastructure/SystemClock.ts",PRODUCTION
"packages/mission-controller/src/types/mission-types.ts",PRODUCTION
"packages/mission-controller/tsconfig.json",CONFIG
"packages/mission-controller/vitest.config.ts",CONFIG
"packages/mission-runtime/package.json",CONFIG
"packages/mission-runtime/src/__tests__/mission-runtime-e2e.test.ts",TEST
"packages/mission-runtime/src/__tests__/postgres-mission-stores.test.ts",TEST
"packages/mission-runtime/src/__tests__/repository-inspection.test.ts",TEST
"packages/mission-runtime/src/__tests__/runtime-restart-recovery.test.ts",TEST
"packages/mission-runtime/src/adapters/FsRepositoryInspector.ts",PRODUCTION
"packages/mission-runtime/src/adapters/GovernedToolRegistry.ts",PRODUCTION
"packages/mission-runtime/src/adapters/MemoryOptimizationPorts.ts",PRODUCTION
"packages/mission-runtime/src/adapters/MissionFailureClassifierAdapter.ts",PRODUCTION
"packages/mission-runtime/src/adapters/OrchestratorProviderAvailability.ts",PRODUCTION
"packages/mission-runtime/src/adapters/OrchestratorRoutingPorts.ts",PRODUCTION
"packages/mission-runtime/src/adapters/PlanningExecutionPorts.ts",PRODUCTION
"packages/mission-runtime/src/adapters/RuntimeGitSafetyAdapter.ts",PRODUCTION
"packages/mission-runtime/src/adapters/WorkspaceDevTemplate.ts",PRODUCTION
"packages/mission-runtime/src/adapters/WorkspaceTools.ts",PRODUCTION
"packages/mission-runtime/src/adapters/__tests__/MemoryOptimizationPorts.test.ts",TEST
"packages/mission-runtime/src/adapters/__tests__/orchestrator-routing-ports.test.ts",TEST
"packages/mission-runtime/src/composition/MissionRuntime.ts",PRODUCTION
"packages/mission-runtime/src/index.ts",PRODUCTION
"packages/mission-runtime/src/mission-api/MissionRuntimeApi.ts",PRODUCTION
"packages/mission-runtime/src/persistence/PostgresMissionStores.ts",PRODUCTION
"packages/mission-runtime/tsconfig.json",CONFIG
"packages/mission-runtime/vitest.config.ts",CONFIG
"packages/orchestration-fabric/package.json",CONFIG
"packages/orchestration-fabric/src/__tests__/integration.test.ts",TEST
"packages/orchestration-fabric/src/__tests__/orchestration-fabric.test.ts",TEST
"packages/orchestration-fabric/src/adapters/EngineHandlerRegistry.ts",PRODUCTION
"packages/orchestration-fabric/src/adapters/ProviderBridge.ts",PRODUCTION
"packages/orchestration-fabric/src/adapters/index.ts",PRODUCTION
"packages/orchestration-fabric/src/contracts/orchestration-ports.ts",PRODUCTION
"packages/orchestration-fabric/src/domain/ConcurrencyController.ts",PRODUCTION
"packages/orchestration-fabric/src/domain/DependencyGraphService.ts",PRODUCTION
"packages/orchestration-fabric/src/domain/OrchestratorService.ts",PRODUCTION
"packages/orchestration-fabric/src/domain/PriorityScheduler.ts",PRODUCTION
"packages/orchestration-fabric/src/domain/ProviderRouter.ts",PRODUCTION
"packages/orchestration-fabric/src/index.ts",PRODUCTION
"packages/orchestration-fabric/src/types/concurrency.ts",PRODUCTION
"packages/orchestration-fabric/src/types/dependency-graph.ts",PRODUCTION
"packages/orchestration-fabric/src/types/index.ts",PRODUCTION
"packages/orchestration-fabric/src/types/observability.ts",PRODUCTION
"packages/orchestration-fabric/src/types/priority-queue.ts",PRODUCTION
"packages/orchestration-fabric/src/types/provider-router.ts",PRODUCTION
"packages/orchestration-fabric/src/types/work-item.ts",PRODUCTION
"packages/orchestration-fabric/tsconfig.json",CONFIG
"packages/orchestration-fabric/vitest.config.ts",CONFIG
"packages/os-intelligence/README.md",DOCUMENTATION
"packages/os-intelligence/package.json",CONFIG
"packages/os-intelligence/src/application/OSApplicationService.ts",PRODUCTION
"packages/os-intelligence/src/application/OSDTO.ts",PRODUCTION
"packages/os-intelligence/src/application/__tests__/OSApplicationService.test.ts",TEST
"packages/os-intelligence/src/catalog/__tests__/os-catalog.test.ts",TEST
"packages/os-intelligence/src/catalog/os-catalog.ts",PRODUCTION
"packages/os-intelligence/src/catalog/os-pipeline.ts",PRODUCTION
"packages/os-intelligence/src/contracts/os-engines.ts",PRODUCTION
"packages/os-intelligence/src/domain/__tests__/OSCrossEngineValidationService.test.ts",TEST
"packages/os-intelligence/src/domain/__tests__/OSDependencyGraphService.test.ts",TEST
"packages/os-intelligence/src/domain/__tests__/OSDiagnosticsService.test.ts",TEST
"packages/os-intelligence/src/domain/__tests__/OSHealthService.test.ts",TEST
"packages/os-intelligence/src/domain/__tests__/OSPerformanceService.test.ts",TEST
"packages/os-intelligence/src/domain/__tests__/OSPipelineValidationService.test.ts",TEST
"packages/os-intelligence/src/domain/__tests__/OSRules.test.ts",TEST
"packages/os-intelligence/src/domain/__tests__/OSValidationService.test.ts",TEST
"packages/os-intelligence/src/domain/__tests__/fixtures.ts",TEST
"packages/os-intelligence/src/domain/repository/OSRepository.ts",PRODUCTION
"packages/os-intelligence/src/domain/rules/OSRules.ts",PRODUCTION
"packages/os-intelligence/src/domain/services/OSCrossEngineValidationService.ts",PRODUCTION
"packages/os-intelligence/src/domain/services/OSDashboardService.ts",PRODUCTION
"packages/os-intelligence/src/domain/services/OSDependencyGraphService.ts",PRODUCTION
"packages/os-intelligence/src/domain/services/OSDiagnosticsService.ts",PRODUCTION
"packages/os-intelligence/src/domain/services/OSEngineProbeService.ts",PRODUCTION
"packages/os-intelligence/src/domain/services/OSHealthService.ts",PRODUCTION
"packages/os-intelligence/src/domain/services/OSPerformanceService.ts",PRODUCTION
"packages/os-intelligence/src/domain/services/OSPipelineValidationService.ts",PRODUCTION
"packages/os-intelligence/src/domain/services/OSRepositoryStatusService.ts",PRODUCTION
"packages/os-intelligence/src/domain/services/OSValidationService.ts",PRODUCTION
"packages/os-intelligence/src/domain/services/__tests__/OSEngineProbeService.test.ts",TEST
"packages/os-intelligence/src/domain/services/__tests__/os-data.test.ts",TEST
"packages/os-intelligence/src/domain/services/os-data.ts",PRODUCTION
"packages/os-intelligence/src/index.ts",PRODUCTION
"packages/os-intelligence/src/infrastructure/InMemoryOSRepository.ts",PRODUCTION
"packages/os-intelligence/src/infrastructure/PostgresOSRepository.ts",PRODUCTION
"packages/os-intelligence/src/infrastructure/__tests__/InMemoryOSRepository.test.ts",TEST
"packages/os-intelligence/src/infrastructure/__tests__/PostgresOSRepository.test.ts",TEST
"packages/os-intelligence/src/types/os-types.ts",PRODUCTION
"packages/os-intelligence/tsconfig.json",CONFIG
"packages/os-intelligence/vitest.config.ts",CONFIG
"packages/planning/package.json",CONFIG
"packages/planning/src/__tests__/ai-planner-port.test.ts",TEST
"packages/planning/src/__tests__/fixtures.ts",TEST
"packages/planning/src/__tests__/goal-understanding.test.ts",TEST
"packages/planning/src/__tests__/plan-proposal-parsing.test.ts",TEST
"packages/planning/src/__tests__/plan-proposal.test.ts",TEST
"packages/planning/src/__tests__/plan-validation.test.ts",TEST
"packages/planning/src/__tests__/planner-service.test.ts",TEST
"packages/planning/src/__tests__/planner-templates.test.ts",TEST
"packages/planning/src/__tests__/planning-integration.test.ts",TEST
"packages/planning/src/application/PlanningApplicationService.ts",PRODUCTION
"packages/planning/src/contracts/planning-ports.ts",PRODUCTION
"packages/planning/src/domain/goal-understanding.ts",PRODUCTION
"packages/planning/src/domain/plan-proposal.ts",PRODUCTION
"packages/planning/src/domain/plan-readiness.ts",PRODUCTION
"packages/planning/src/domain/plan-validation.ts",PRODUCTION
"packages/planning/src/domain/planner-service.ts",PRODUCTION
"packages/planning/src/domain/planner-templates.ts",PRODUCTION
"packages/planning/src/index.ts",PRODUCTION
"packages/planning/src/infrastructure/AIOrchestrationPlannerPort.ts",PRODUCTION
"packages/planning/src/types/planning-types.ts",PRODUCTION
"packages/planning/tsconfig.json",CONFIG
"packages/planning/vitest.config.ts",CONFIG
"packages/proactive/package.json",CONFIG
"packages/proactive/src/__tests__/ActionClassPolicy.test.ts",TEST
"packages/proactive/src/__tests__/AutomationDiscovery.test.ts",TEST
"packages/proactive/src/__tests__/BusinessOpportunityAssessor.test.ts",TEST
"packages/proactive/src/__tests__/DailyBriefingAssembler.test.ts",TEST
"packages/proactive/src/__tests__/PostgresProactiveStore.test.ts",TEST
"packages/proactive/src/__tests__/ProactiveIntelligenceService.test.ts",TEST
"packages/proactive/src/__tests__/ProactiveStore.test.ts",TEST
"packages/proactive/src/application/ProactiveIntelligenceService.ts",PRODUCTION
"packages/proactive/src/contracts/proactive-ports.ts",PRODUCTION
"packages/proactive/src/contracts/proactive-shared.ts",PRODUCTION
"packages/proactive/src/domain/ActionClassPolicy.ts",PRODUCTION
"packages/proactive/src/domain/AutomationDiscovery.ts",PRODUCTION
"packages/proactive/src/domain/BusinessOpportunityAssessor.ts",PRODUCTION
"packages/proactive/src/domain/DailyBriefingAssembler.ts",PRODUCTION
"packages/proactive/src/index.ts",PRODUCTION
"packages/proactive/src/infrastructure/InMemoryProactiveStore.ts",PRODUCTION
"packages/proactive/src/infrastructure/PostgresProactiveStore.ts",PRODUCTION
"packages/proactive/src/types/proactive-types.ts",PRODUCTION
"packages/proactive/tsconfig.json",CONFIG
"packages/proactive/vitest.config.ts",CONFIG
"packages/providers/package.json",CONFIG
"packages/providers/src/__tests__/ProviderApplicationService.test.ts",TEST
"packages/providers/src/__tests__/ProviderIntelligence.test.ts",TEST
"packages/providers/src/__tests__/ProviderIntelligenceRefresh.test.ts",TEST
"packages/providers/src/__tests__/ProviderPreferencesService.test.ts",TEST
"packages/providers/src/application/ProviderApplicationService.ts",PRODUCTION
"packages/providers/src/application/ProviderDTO.ts",PRODUCTION
"packages/providers/src/application/ProviderMapper.ts",PRODUCTION
"packages/providers/src/application/ProviderPreferencesService.ts",PRODUCTION
"packages/providers/src/application/__tests__/ProviderApplicationService.test.ts",TEST
"packages/providers/src/application/__tests__/ProviderPreferencesService.test.ts",TEST
"packages/providers/src/application/request-context.ts",PRODUCTION
"packages/providers/src/catalog/__tests__/provider-catalog.test.ts",TEST
"packages/providers/src/catalog/benchmark-catalog.ts",PRODUCTION
"packages/providers/src/catalog/provider-catalog.ts",PRODUCTION
"packages/providers/src/domain/entities/Provider.ts",PRODUCTION
"packages/providers/src/domain/intelligence/ProviderIntelligenceStore.ts",PRODUCTION
"packages/providers/src/domain/preferences/ProviderPreferencesStore.ts",PRODUCTION
"packages/providers/src/domain/repository/ProviderRepository.ts",PRODUCTION
"packages/providers/src/domain/rules/ProviderRules.ts",PRODUCTION
"packages/providers/src/domain/rules/__tests__/ProviderRules.test.ts",TEST
"packages/providers/src/domain/services/HardwareCompatibilityService.ts",PRODUCTION
"packages/providers/src/domain/services/ModelResourceClassifier.ts",PRODUCTION
"packages/providers/src/domain/services/ProviderBenchmarkDatasetService.ts",PRODUCTION
"packages/providers/src/domain/services/ProviderCapabilityMatrixService.ts",PRODUCTION
"packages/providers/src/domain/services/ProviderHealthService.ts",PRODUCTION
"packages/providers/src/domain/services/ProviderIntelligenceRefreshService.ts",PRODUCTION
"packages/providers/src/domain/services/ProviderIntelligenceService.ts",PRODUCTION
"packages/providers/src/domain/services/__tests__/ProviderBenchmarkDatasetService.test.ts",TEST
"packages/providers/src/domain/services/__tests__/ProviderCapabilityMatrixService.test.ts",TEST
"packages/providers/src/domain/services/__tests__/ProviderHealthService.test.ts",TEST
"packages/providers/src/domain/value-objects/ProviderId.ts",PRODUCTION
"packages/providers/src/domain/value-objects/ProviderLifecycleStatus.ts",PRODUCTION
"packages/providers/src/domain/value-objects/ProviderVersion.ts",PRODUCTION
"packages/providers/src/domain/value-objects/__tests__/ProviderLifecycleStatus.test.ts",TEST
"packages/providers/src/domain/value-objects/__tests__/ProviderVersion.test.ts",TEST
"packages/providers/src/index.ts",PRODUCTION
"packages/providers/src/infrastructure/InMemoryProviderIntelligenceStore.ts",PRODUCTION
"packages/providers/src/infrastructure/InMemoryProviderPreferencesStore.ts",PRODUCTION
"packages/providers/src/infrastructure/InMemoryProviderRepository.ts",PRODUCTION
"packages/providers/src/infrastructure/LocalModelDiscovery.ts",PRODUCTION
"packages/providers/src/infrastructure/PostgresProviderRepository.ts",PRODUCTION
"packages/providers/src/infrastructure/__tests__/InMemoryProviderRepository.test.ts",TEST
"packages/providers/src/infrastructure/__tests__/PostgresProviderRepository.test.ts",TEST
"packages/providers/src/types/intelligence-types.ts",PRODUCTION
"packages/providers/src/types/preferences-types.ts",PRODUCTION
"packages/providers/src/types/provider-types.ts",PRODUCTION
"packages/providers/tsconfig.json",CONFIG
"packages/providers/vitest.config.ts",CONFIG
"packages/rag/package.json",CONFIG
"packages/rag/src/application/RagApplicationService.ts",PRODUCTION
"packages/rag/src/application/RagDTO.ts",PRODUCTION
"packages/rag/src/application/__tests__/RagApplicationService.test.ts",TEST
"packages/rag/src/catalog/rag-seed.ts",PRODUCTION
"packages/rag/src/domain/repository/RagRepository.ts",PRODUCTION
"packages/rag/src/domain/services/ChunkingService.ts",PRODUCTION
"packages/rag/src/domain/services/EmbeddingProvider.ts",PRODUCTION
"packages/rag/src/domain/services/__tests__/ChunkingService.test.ts",TEST
"packages/rag/src/domain/services/__tests__/EmbeddingProvider.test.ts",TEST
"packages/rag/src/index.ts",PRODUCTION
"packages/rag/src/infrastructure/InMemoryRagRepository.ts",PRODUCTION
"packages/rag/src/infrastructure/PostgresRagRepository.ts",PRODUCTION
"packages/rag/src/infrastructure/__tests__/InMemoryRagRepository.test.ts",TEST
"packages/rag/src/infrastructure/__tests__/PostgresRagRepository.test.ts",TEST
"packages/rag/src/infrastructure/__tests__/health.test.ts",TEST
"packages/rag/src/infrastructure/__tests__/migrations.test.ts",TEST
"packages/rag/src/infrastructure/health.ts",PRODUCTION
"packages/rag/src/infrastructure/migrations.ts",PRODUCTION
"packages/rag/src/types/rag-types.ts",PRODUCTION
"packages/rag/tsconfig.json",CONFIG
"packages/rag/vitest.config.ts",CONFIG
"packages/requirements/package.json",CONFIG
"packages/requirements/src/application/RequirementsApplicationService.ts",PRODUCTION
"packages/requirements/src/application/RequirementsDTO.ts",PRODUCTION
"packages/requirements/src/application/RequirementsMapper.ts",PRODUCTION
"packages/requirements/src/application/__tests__/RequirementsApplicationService.test.ts",TEST
"packages/requirements/src/catalog/knowledge.ts",PRODUCTION
"packages/requirements/src/contracts/requirement-ports.ts",PRODUCTION
"packages/requirements/src/domain/AIStrategyEngine.ts",PRODUCTION
"packages/requirements/src/domain/AmbiguityEngine.ts",PRODUCTION
"packages/requirements/src/domain/ArchitectureIntelligenceEngine.ts",PRODUCTION
"packages/requirements/src/domain/BuildPlanner.ts",PRODUCTION
"packages/requirements/src/domain/ChangeImpactAnalyzer.ts",PRODUCTION
"packages/requirements/src/domain/CompletenessEngine.ts",PRODUCTION
"packages/requirements/src/domain/ConflictDetector.ts",PRODUCTION
"packages/requirements/src/domain/CostPlanner.ts",PRODUCTION
"packages/requirements/src/domain/DesignIntelligenceEngine.ts",PRODUCTION
"packages/requirements/src/domain/ExperienceStrategyEngine.ts",PRODUCTION
"packages/requirements/src/domain/IntentUnderstandingEngine.ts",PRODUCTION
"packages/requirements/src/domain/PlanReviewBuilder.ts",PRODUCTION
"packages/requirements/src/domain/ProductBriefGenerator.ts",PRODUCTION
"packages/requirements/src/domain/ProductIntelligenceEngine.ts",PRODUCTION
"packages/requirements/src/domain/RAGStrategyEngine.ts",PRODUCTION
"packages/requirements/src/domain/RequirementExtractionEngine.ts",PRODUCTION
"packages/requirements/src/domain/RequirementGraphBuilder.ts",PRODUCTION
"packages/requirements/src/domain/RequirementQuestionEngine.ts",PRODUCTION
"packages/requirements/src/domain/RequirementVersionControl.ts",PRODUCTION
"packages/requirements/src/domain/SafeDefaultEngine.ts",PRODUCTION
"packages/requirements/src/domain/SecurityPlanner.ts",PRODUCTION
"packages/requirements/src/domain/ToolStrategyEngine.ts",PRODUCTION
"packages/requirements/src/domain/TraceabilityIndexer.ts",PRODUCTION
"packages/requirements/src/domain/UserJourneyEngine.ts",PRODUCTION
"packages/requirements/src/domain/__tests__/AnalysisEngines.test.ts",TEST
"packages/requirements/src/domain/__tests__/ConflictDetector.test.ts",TEST
"packages/requirements/src/domain/__tests__/IntentAndExtraction.test.ts",TEST
"packages/requirements/src/domain/__tests__/ProductDefinitionEngines.test.ts",TEST
"packages/requirements/src/domain/__tests__/ProductIntelligenceEngine.test.ts",TEST
"packages/requirements/src/domain/__tests__/QuestionAndDefaultEngines.test.ts",TEST
"packages/requirements/src/domain/__tests__/ReviewAndControlEngines.test.ts",TEST
"packages/requirements/src/domain/__tests__/StrategyEngines.test.ts",TEST
"packages/requirements/src/index.ts",PRODUCTION
"packages/requirements/src/infrastructure/InMemoryRequirementSessionStore.ts",PRODUCTION
"packages/requirements/src/infrastructure/PostgresRequirementSessionStore.ts",PRODUCTION
"packages/requirements/src/infrastructure/__tests__/RequirementSessionStores.test.ts",TEST
"packages/requirements/src/types/requirement-types.ts",PRODUCTION
"packages/requirements/tsconfig.json",CONFIG
"packages/requirements/vitest.config.ts",CONFIG
"packages/services/README.md",DOCUMENTATION
"packages/services/docs/BLD-009A-certification-report.md",DOCUMENTATION
"packages/services/docs/architecture-validation.md",DOCUMENTATION
"packages/services/docs/coverage-guide.md",DOCUMENTATION
"packages/services/docs/extension-guide.md",DOCUMENTATION
"packages/services/docs/performance-guide.md",DOCUMENTATION
"packages/services/docs/testing-guide.md",DOCUMENTATION
"packages/services/package.json",CONFIG
"packages/services/src/ai/AIDTO.ts",PRODUCTION
"packages/services/src/ai/AIMapper.ts",PRODUCTION
"packages/services/src/ai/AIMetrics.ts",PRODUCTION
"packages/services/src/ai/AIOrchestrationService.ts",PRODUCTION
"packages/services/src/ai/__tests__/AIMapper.test.ts",TEST
"packages/services/src/ai/__tests__/AIMetrics.test.ts",TEST
"packages/services/src/ai/__tests__/AIOrchestrationBudget.test.ts",TEST
"packages/services/src/ai/__tests__/AIOrchestrationRuntime.test.ts",TEST
"packages/services/src/ai/__tests__/AIOrchestrationService.test.ts",TEST
"packages/services/src/ai/__tests__/AIOrchestrationServiceBranches.test.ts",TEST
"packages/services/src/ai/__tests__/AISecurity.test.ts",TEST
"packages/services/src/ai/__tests__/EndToEndPipeline.test.ts",TEST
"packages/services/src/ai/__tests__/FailureSafety.test.ts",TEST
"packages/services/src/ai/index.ts",PRODUCTION
"packages/services/src/ai/runtime/AIObservability.ts",PRODUCTION
"packages/services/src/ai/runtime/ContextOptimizer.ts",PRODUCTION
"packages/services/src/ai/runtime/EvidenceEvaluator.ts",PRODUCTION
"packages/services/src/ai/runtime/ModelSelectionIntelligence.ts",PRODUCTION
"packages/services/src/ai/runtime/PromptCacheManager.ts",PRODUCTION
"packages/services/src/ai/runtime/ProviderRoutingAdvisor.ts",PRODUCTION
"packages/services/src/ai/runtime/StructuredOutputValidator.ts",PRODUCTION
"packages/services/src/ai/runtime/TokenOptimizationResult.ts",PRODUCTION
"packages/services/src/ai/runtime/ToolRuntime.ts",PRODUCTION
"packages/services/src/ai/runtime/__tests__/AIObservability.test.ts",TEST
"packages/services/src/ai/runtime/__tests__/ContextOptimizer.test.ts",TEST
"packages/services/src/ai/runtime/__tests__/EvidenceEvaluator.test.ts",TEST
"packages/services/src/ai/runtime/__tests__/ModelSelectionIntelligence.test.ts",TEST
"packages/services/src/ai/runtime/__tests__/PromptCacheManager.test.ts",TEST
"packages/services/src/ai/runtime/__tests__/ProviderRoutingAdvisor.test.ts",TEST
"packages/services/src/ai/runtime/__tests__/StructuredOutputValidator.test.ts",TEST
"packages/services/src/ai/runtime/__tests__/ToolRuntime.test.ts",TEST
"packages/services/src/ai/runtime/index.ts",PRODUCTION
"packages/services/src/business/BusinessAnalyticsService.ts",PRODUCTION
"packages/services/src/business/BusinessApplicationService.ts",PRODUCTION
"packages/services/src/business/BusinessAssembler.ts",PRODUCTION
"packages/services/src/business/BusinessCacheService.ts",PRODUCTION
"packages/services/src/business/BusinessConfigurationService.ts",PRODUCTION
"packages/services/src/business/BusinessDTO.ts",PRODUCTION
"packages/services/src/business/BusinessDTOMapper.ts",PRODUCTION
"packages/services/src/business/BusinessExecutionService.ts",PRODUCTION
"packages/services/src/business/BusinessFinanceService.ts",PRODUCTION
"packages/services/src/business/BusinessGoalService.ts",PRODUCTION
"packages/services/src/business/BusinessHealthService.ts",PRODUCTION
"packages/services/src/business/BusinessInsightService.ts",PRODUCTION
"packages/services/src/business/BusinessKPIService.ts",PRODUCTION
"packages/services/src/business/BusinessMetricsService.ts",PRODUCTION
"packages/services/src/business/BusinessNotificationService.ts",PRODUCTION
"packages/services/src/business/BusinessOpportunityService.ts",PRODUCTION
"packages/services/src/business/BusinessProfileService.ts",PRODUCTION
"packages/services/src/business/BusinessProjectService.ts",PRODUCTION
"packages/services/src/business/BusinessRecommendationService.ts",PRODUCTION
"packages/services/src/business/BusinessRiskService.ts",PRODUCTION
"packages/services/src/business/BusinessStrategyService.ts",PRODUCTION
"packages/services/src/business/BusinessTimelineService.ts",PRODUCTION
"packages/services/src/business/BusinessViewModelFactory.ts",PRODUCTION
"packages/services/src/business/__tests__/BusinessAnalyticsService.test.ts",TEST
"packages/services/src/business/__tests__/BusinessApplicationService.test.ts",TEST
"packages/services/src/business/__tests__/BusinessAssembler.test.ts",TEST
"packages/services/src/business/__tests__/BusinessCacheService.test.ts",TEST
"packages/services/src/business/__tests__/BusinessConfigurationService.test.ts",TEST
"packages/services/src/business/__tests__/BusinessDTOMapper.test.ts",TEST
"packages/services/src/business/__tests__/BusinessExecutionService.test.ts",TEST
"packages/services/src/business/__tests__/BusinessFinanceService.test.ts",TEST
"packages/services/src/business/__tests__/BusinessGoalService.test.ts",TEST
"packages/services/src/business/__tests__/BusinessHealthService.test.ts",TEST
"packages/services/src/business/__tests__/BusinessInsightService.test.ts",TEST
"packages/services/src/business/__tests__/BusinessKPIService.test.ts",TEST
"packages/services/src/business/__tests__/BusinessMetricsService.test.ts",TEST
"packages/services/src/business/__tests__/BusinessNotificationService.test.ts",TEST
"packages/services/src/business/__tests__/BusinessOpportunityService.test.ts",TEST
"packages/services/src/business/__tests__/BusinessPerformance.test.ts",TEST
"packages/services/src/business/__tests__/BusinessProfileService.test.ts",TEST
"packages/services/src/business/__tests__/BusinessProjectService.test.ts",TEST
"packages/services/src/business/__tests__/BusinessRecommendationService.test.ts",TEST
"packages/services/src/business/__tests__/BusinessRiskService.test.ts",TEST
"packages/services/src/business/__tests__/BusinessStrategyService.test.ts",TEST
"packages/services/src/business/__tests__/BusinessTimelineService.test.ts",TEST
"packages/services/src/business/__tests__/BusinessViewModelFactory.test.ts",TEST
"packages/services/src/business/index.ts",PRODUCTION
"packages/services/src/career/CareerAnalyticsService.ts",PRODUCTION
"packages/services/src/career/CareerApplicationService.ts",PRODUCTION
"packages/services/src/career/CareerAssembler.ts",PRODUCTION
"packages/services/src/career/CareerCacheService.ts",PRODUCTION
"packages/services/src/career/CareerCertificationService.ts",PRODUCTION
"packages/services/src/career/CareerConfigurationService.ts",PRODUCTION
"packages/services/src/career/CareerDTO.ts",PRODUCTION
"packages/services/src/career/CareerDTOMapper.ts",PRODUCTION
"packages/services/src/career/CareerGapAnalysisService.ts",PRODUCTION
"packages/services/src/career/CareerHealthService.ts",PRODUCTION
"packages/services/src/career/CareerInsightService.ts",PRODUCTION
"packages/services/src/career/CareerInterviewService.ts",PRODUCTION
"packages/services/src/career/CareerJobMatchingService.ts",PRODUCTION
"packages/services/src/career/CareerMarketInsightService.ts",PRODUCTION
"packages/services/src/career/CareerMetricsService.ts",PRODUCTION
"packages/services/src/career/CareerNotificationService.ts",PRODUCTION
"packages/services/src/career/CareerPortfolioService.ts",PRODUCTION
"packages/services/src/career/CareerProfileService.ts",PRODUCTION
"packages/services/src/career/CareerRecommendationService.ts",PRODUCTION
"packages/services/src/career/CareerResumeService.ts",PRODUCTION
"packages/services/src/career/CareerRoadmapService.ts",PRODUCTION
"packages/services/src/career/CareerSkillsService.ts",PRODUCTION
"packages/services/src/career/CareerTimelineService.ts",PRODUCTION
"packages/services/src/career/CareerViewModelFactory.ts",PRODUCTION
"packages/services/src/career/__tests__/CareerAnalyticsService.test.ts",TEST
"packages/services/src/career/__tests__/CareerApplicationService.test.ts",TEST
"packages/services/src/career/__tests__/CareerAssembler.test.ts",TEST
"packages/services/src/career/__tests__/CareerCacheService.test.ts",TEST
"packages/services/src/career/__tests__/CareerCertificationService.test.ts",TEST
"packages/services/src/career/__tests__/CareerConfigurationService.test.ts",TEST
"packages/services/src/career/__tests__/CareerDTOMapper.test.ts",TEST
"packages/services/src/career/__tests__/CareerGapAnalysisService.test.ts",TEST
"packages/services/src/career/__tests__/CareerHealthService.test.ts",TEST
"packages/services/src/career/__tests__/CareerInsightService.test.ts",TEST
"packages/services/src/career/__tests__/CareerInterviewService.test.ts",TEST
"packages/services/src/career/__tests__/CareerJobMatchingService.test.ts",TEST
"packages/services/src/career/__tests__/CareerMarketInsightService.test.ts",TEST
"packages/services/src/career/__tests__/CareerMetricsService.test.ts",TEST
"packages/services/src/career/__tests__/CareerNotificationService.test.ts",TEST
"packages/services/src/career/__tests__/CareerPerformance.test.ts",TEST
"packages/services/src/career/__tests__/CareerPortfolioService.test.ts",TEST
"packages/services/src/career/__tests__/CareerProfileService.test.ts",TEST
"packages/services/src/career/__tests__/CareerRecommendationService.test.ts",TEST
"packages/services/src/career/__tests__/CareerResumeService.test.ts",TEST
"packages/services/src/career/__tests__/CareerRoadmapService.test.ts",TEST
"packages/services/src/career/__tests__/CareerSkillsService.test.ts",TEST
"packages/services/src/career/__tests__/CareerTimelineService.test.ts",TEST
"packages/services/src/career/__tests__/CareerViewModelFactory.test.ts",TEST
"packages/services/src/career/index.ts",PRODUCTION
"packages/services/src/content-agency/ClientOperationsApplicationService.ts",PRODUCTION
"packages/services/src/content-agency/ClientOpsAIService.ts",PRODUCTION
"packages/services/src/content-agency/ClientOpsDTO.ts",PRODUCTION
"packages/services/src/content-agency/ContentAgencyAIService.ts",PRODUCTION
"packages/services/src/content-agency/ContentAgencyApplicationService.ts",PRODUCTION
"packages/services/src/content-agency/ContentAgencyDTO.ts",PRODUCTION
"packages/services/src/content-agency/InMemoryClientOpsRepository.ts",PRODUCTION
"packages/services/src/content-agency/InMemoryContentAgencyRepository.ts",PRODUCTION
"packages/services/src/content-agency/__tests__/ClientOperationsApplicationService.test.ts",TEST
"packages/services/src/content-agency/__tests__/ClientOpsAIService.test.ts",TEST
"packages/services/src/content-agency/__tests__/ContentAgencyApplicationService.test.ts",TEST
"packages/services/src/content-agency/__tests__/InMemoryRepositories.test.ts",TEST
"packages/services/src/dashboard/DashboardAnalyticsService.ts",PRODUCTION
"packages/services/src/dashboard/DashboardApplicationService.ts",PRODUCTION
"packages/services/src/dashboard/DashboardAssembler.ts",PRODUCTION
"packages/services/src/dashboard/DashboardCacheService.ts",PRODUCTION
"packages/services/src/dashboard/DashboardConfigurationService.ts",PRODUCTION
"packages/services/src/dashboard/DashboardDTO.ts",PRODUCTION
"packages/services/src/dashboard/DashboardDTOMapper.ts",PRODUCTION
"packages/services/src/dashboard/DashboardHealthService.ts",PRODUCTION
"packages/services/src/dashboard/DashboardInsightService.ts",PRODUCTION
"packages/services/src/dashboard/DashboardJourneyService.ts",PRODUCTION
"packages/services/src/dashboard/DashboardMetricsService.ts",PRODUCTION
"packages/services/src/dashboard/DashboardNotificationService.ts",PRODUCTION
"packages/services/src/dashboard/DashboardPersonalizationService.ts",PRODUCTION
"packages/services/src/dashboard/DashboardRecommendationService.ts",PRODUCTION
"packages/services/src/dashboard/DashboardSnapshotService.ts",PRODUCTION
"packages/services/src/dashboard/DashboardTimelineService.ts",PRODUCTION
"packages/services/src/dashboard/DashboardViewModelFactory.ts",PRODUCTION
"packages/services/src/dashboard/__tests__/DashboardAnalyticsService.test.ts",TEST
"packages/services/src/dashboard/__tests__/DashboardApplicationService.test.ts",TEST
"packages/services/src/dashboard/__tests__/DashboardAssembler.test.ts",TEST
"packages/services/src/dashboard/__tests__/DashboardCacheService.test.ts",TEST
"packages/services/src/dashboard/__tests__/DashboardConfigurationService.test.ts",TEST
"packages/services/src/dashboard/__tests__/DashboardDTOMapper.test.ts",TEST
"packages/services/src/dashboard/__tests__/DashboardHealthService.test.ts",TEST
"packages/services/src/dashboard/__tests__/DashboardInsightService.test.ts",TEST
"packages/services/src/dashboard/__tests__/DashboardJourneyService.test.ts",TEST
"packages/services/src/dashboard/__tests__/DashboardMetricsService.test.ts",TEST
"packages/services/src/dashboard/__tests__/DashboardNotificationService.test.ts",TEST
"packages/services/src/dashboard/__tests__/DashboardPerformance.test.ts",TEST
"packages/services/src/dashboard/__tests__/DashboardPersonalizationService.test.ts",TEST
"packages/services/src/dashboard/__tests__/DashboardRecommendationService.test.ts",TEST
"packages/services/src/dashboard/__tests__/DashboardSnapshotService.test.ts",TEST
"packages/services/src/dashboard/__tests__/DashboardTimelineService.test.ts",TEST
"packages/services/src/dashboard/__tests__/DashboardViewModelFactory.test.ts",TEST
"packages/services/src/dashboard/index.ts",PRODUCTION
"packages/services/src/decision/DecisionApplicationService.ts",PRODUCTION
"packages/services/src/decision/DecisionDTO.ts",PRODUCTION
"packages/services/src/decision/DecisionMapper.ts",PRODUCTION
"packages/services/src/decision/__tests__/DecisionApplicationService.test.ts",TEST
"packages/services/src/decision/__tests__/DecisionApplicationServiceErrors.test.ts",TEST
"packages/services/src/decision/__tests__/DecisionApplicationServiceExtended.test.ts",TEST
"packages/services/src/decision/__tests__/DecisionMapper.test.ts",TEST
"packages/services/src/decision/__tests__/DecisionMapperExtended.test.ts",TEST
"packages/services/src/decision/index.ts",PRODUCTION
"packages/services/src/execution/ExecutionApplicationService.ts",PRODUCTION
"packages/services/src/execution/ExecutionDTO.ts",PRODUCTION
"packages/services/src/execution/ExecutionMapper.ts",PRODUCTION
"packages/services/src/execution/MonitoringService.ts",PRODUCTION
"packages/services/src/execution/PlanningService.ts",PRODUCTION
"packages/services/src/execution/ProgressService.ts",PRODUCTION
"packages/services/src/execution/RecoveryService.ts",PRODUCTION
"packages/services/src/execution/SchedulingService.ts",PRODUCTION
"packages/services/src/execution/__tests__/ExecutionApplicationService.test.ts",TEST
"packages/services/src/execution/__tests__/ExecutionMapper.test.ts",TEST
"packages/services/src/execution/__tests__/MonitoringService.test.ts",TEST
"packages/services/src/execution/__tests__/PlanningService.test.ts",TEST
"packages/services/src/execution/__tests__/ProgressService.test.ts",TEST
"packages/services/src/execution/__tests__/RecoveryService.test.ts",TEST
"packages/services/src/execution/__tests__/SchedulingService.test.ts",TEST
"packages/services/src/execution/index.ts",PRODUCTION
"packages/services/src/identity/IdentityApplicationService.ts",PRODUCTION
"packages/services/src/identity/UserDTO.ts",PRODUCTION
"packages/services/src/identity/UserMapper.ts",PRODUCTION
"packages/services/src/identity/__tests__/IdentityApplicationService.test.ts",TEST
"packages/services/src/identity/__tests__/UserMapper.test.ts",TEST
"packages/services/src/identity/index.ts",PRODUCTION
"packages/services/src/index.ts",PRODUCTION
"packages/services/src/knowledge/GraphTraversalService.ts",PRODUCTION
"packages/services/src/knowledge/KnowledgeApplicationService.ts",PRODUCTION
"packages/services/src/knowledge/KnowledgeContracts.ts",PRODUCTION
"packages/services/src/knowledge/KnowledgeDTO.ts",PRODUCTION
"packages/services/src/knowledge/KnowledgeMapper.ts",PRODUCTION
"packages/services/src/knowledge/RecommendationPreparationService.ts",PRODUCTION
"packages/services/src/knowledge/SearchService.ts",PRODUCTION
"packages/services/src/knowledge/__tests__/GraphTraversalService.test.ts",TEST
"packages/services/src/knowledge/__tests__/KnowledgeApplicationService.test.ts",TEST
"packages/services/src/knowledge/__tests__/KnowledgeMapper.test.ts",TEST
"packages/services/src/knowledge/__tests__/RecommendationPreparationService.test.ts",TEST
"packages/services/src/knowledge/__tests__/SearchService.test.ts",TEST
"packages/services/src/knowledge/index.ts",PRODUCTION
"packages/services/src/learning/LearningAnalyticsService.ts",PRODUCTION
"packages/services/src/learning/LearningApplicationService.ts",PRODUCTION
"packages/services/src/learning/LearningAssembler.ts",PRODUCTION
"packages/services/src/learning/LearningAssessmentService.ts",PRODUCTION
"packages/services/src/learning/LearningCacheService.ts",PRODUCTION
"packages/services/src/learning/LearningConfigurationService.ts",PRODUCTION
"packages/services/src/learning/LearningDTO.ts",PRODUCTION
"packages/services/src/learning/LearningDTOMapper.ts",PRODUCTION
"packages/services/src/learning/LearningHealthService.ts",PRODUCTION
"packages/services/src/learning/LearningInsightService.ts",PRODUCTION
"packages/services/src/learning/LearningKnowledgeService.ts",PRODUCTION
"packages/services/src/learning/LearningMetricsService.ts",PRODUCTION
"packages/services/src/learning/LearningMissionService.ts",PRODUCTION
"packages/services/src/learning/LearningNotificationService.ts",PRODUCTION
"packages/services/src/learning/LearningPathService.ts",PRODUCTION
"packages/services/src/learning/LearningProfileService.ts",PRODUCTION
"packages/services/src/learning/LearningProgressService.ts",PRODUCTION
"packages/services/src/learning/LearningProjectService.ts",PRODUCTION
"packages/services/src/learning/LearningRecommendationService.ts",PRODUCTION
"packages/services/src/learning/LearningRevisionService.ts",PRODUCTION
"packages/services/src/learning/LearningTimelineService.ts",PRODUCTION
"packages/services/src/learning/LearningViewModelFactory.ts",PRODUCTION
"packages/services/src/learning/__tests__/LearningAnalyticsService.test.ts",TEST
"packages/services/src/learning/__tests__/LearningApplicationService.test.ts",TEST
"packages/services/src/learning/__tests__/LearningAssembler.test.ts",TEST
"packages/services/src/learning/__tests__/LearningAssessmentService.test.ts",TEST
"packages/services/src/learning/__tests__/LearningCacheService.test.ts",TEST
"packages/services/src/learning/__tests__/LearningConfigurationService.test.ts",TEST
"packages/services/src/learning/__tests__/LearningDTOMapper.test.ts",TEST
"packages/services/src/learning/__tests__/LearningHealthService.test.ts",TEST
"packages/services/src/learning/__tests__/LearningInsightService.test.ts",TEST
"packages/services/src/learning/__tests__/LearningKnowledgeService.test.ts",TEST
"packages/services/src/learning/__tests__/LearningMetricsService.test.ts",TEST
"packages/services/src/learning/__tests__/LearningMissionService.test.ts",TEST
"packages/services/src/learning/__tests__/LearningNotificationService.test.ts",TEST
"packages/services/src/learning/__tests__/LearningPathService.test.ts",TEST
"packages/services/src/learning/__tests__/LearningPerformance.test.ts",TEST
"packages/services/src/learning/__tests__/LearningProfileService.test.ts",TEST
"packages/services/src/learning/__tests__/LearningProgressService.test.ts",TEST
"packages/services/src/learning/__tests__/LearningProjectService.test.ts",TEST
"packages/services/src/learning/__tests__/LearningRecommendationService.test.ts",TEST
"packages/services/src/learning/__tests__/LearningRevisionService.test.ts",TEST
"packages/services/src/learning/__tests__/LearningTimelineService.test.ts",TEST
"packages/services/src/learning/__tests__/LearningViewModelFactory.test.ts",TEST
"packages/services/src/learning/index.ts",PRODUCTION
"packages/services/src/lifeos/LifeOSAnalyticsService.ts",PRODUCTION
"packages/services/src/lifeos/LifeOSApplicationService.ts",PRODUCTION
"packages/services/src/lifeos/LifeOSAssembler.ts",PRODUCTION
"packages/services/src/lifeos/LifeOSCacheService.ts",PRODUCTION
"packages/services/src/lifeos/LifeOSConfigurationService.ts",PRODUCTION
"packages/services/src/lifeos/LifeOSDTO.ts",PRODUCTION
"packages/services/src/lifeos/LifeOSDTOMapper.ts",PRODUCTION
"packages/services/src/lifeos/LifeOSHealthService.ts",PRODUCTION
"packages/services/src/lifeos/LifeOSInsightService.ts",PRODUCTION
"packages/services/src/lifeos/LifeOSMetricsService.ts",PRODUCTION
"packages/services/src/lifeos/LifeOSNavigationService.ts",PRODUCTION
"packages/services/src/lifeos/LifeOSNotificationService.ts",PRODUCTION
"packages/services/src/lifeos/LifeOSQuickActionService.ts",PRODUCTION
"packages/services/src/lifeos/LifeOSRecommendationService.ts",PRODUCTION
"packages/services/src/lifeos/LifeOSSearchService.ts",PRODUCTION
"packages/services/src/lifeos/LifeOSSnapshotService.ts",PRODUCTION
"packages/services/src/lifeos/LifeOSTimelineService.ts",PRODUCTION
"packages/services/src/lifeos/LifeOSViewModelFactory.ts",PRODUCTION
"packages/services/src/lifeos/__tests__/LifeOSInfrastructure.test.ts",TEST
"packages/services/src/lifeos/__tests__/LifeOSIntegrationServices.test.ts",TEST
"packages/services/src/lifeos/__tests__/LifeOSOrchestration.test.ts",TEST
"packages/services/src/lifeos/index.ts",PRODUCTION
"packages/services/src/marketplace/MarketplaceActivationService.ts",PRODUCTION
"packages/services/src/marketplace/MarketplaceAnalyticsService.ts",PRODUCTION
"packages/services/src/marketplace/MarketplaceApplicationService.ts",PRODUCTION
"packages/services/src/marketplace/MarketplaceAssembler.ts",PRODUCTION
"packages/services/src/marketplace/MarketplaceAssetService.ts",PRODUCTION
"packages/services/src/marketplace/MarketplaceCacheService.ts",PRODUCTION
"packages/services/src/marketplace/MarketplaceCatalogService.ts",PRODUCTION
"packages/services/src/marketplace/MarketplaceCompatibilityService.ts",PRODUCTION
"packages/services/src/marketplace/MarketplaceConfigurationService.ts",PRODUCTION
"packages/services/src/marketplace/MarketplaceDTO.ts",PRODUCTION
"packages/services/src/marketplace/MarketplaceDTOMapper.ts",PRODUCTION
"packages/services/src/marketplace/MarketplaceHealthService.ts",PRODUCTION
"packages/services/src/marketplace/MarketplaceInsightService.ts",PRODUCTION
"packages/services/src/marketplace/MarketplaceInstallationService.ts",PRODUCTION
"packages/services/src/marketplace/MarketplaceMetricsService.ts",PRODUCTION
"packages/services/src/marketplace/MarketplaceNotificationService.ts",PRODUCTION
"packages/services/src/marketplace/MarketplaceProviderService.ts",PRODUCTION
"packages/services/src/marketplace/MarketplaceRecommendationService.ts",PRODUCTION
"packages/services/src/marketplace/MarketplaceTimelineService.ts",PRODUCTION
"packages/services/src/marketplace/MarketplaceVersionService.ts",PRODUCTION
"packages/services/src/marketplace/MarketplaceViewModelFactory.ts",PRODUCTION
"packages/services/src/marketplace/__tests__/MarketplaceActivationService.test.ts",TEST
"packages/services/src/marketplace/__tests__/MarketplaceAnalyticsService.test.ts",TEST
"packages/services/src/marketplace/__tests__/MarketplaceApplicationService.test.ts",TEST
"packages/services/src/marketplace/__tests__/MarketplaceAssembler.test.ts",TEST
"packages/services/src/marketplace/__tests__/MarketplaceAssetService.test.ts",TEST
"packages/services/src/marketplace/__tests__/MarketplaceCacheService.test.ts",TEST
"packages/services/src/marketplace/__tests__/MarketplaceCatalogService.test.ts",TEST
"packages/services/src/marketplace/__tests__/MarketplaceCompatibilityService.test.ts",TEST
"packages/services/src/marketplace/__tests__/MarketplaceConfigurationService.test.ts",TEST
"packages/services/src/marketplace/__tests__/MarketplaceDTOMapper.test.ts",TEST
"packages/services/src/marketplace/__tests__/MarketplaceHealthService.test.ts",TEST
"packages/services/src/marketplace/__tests__/MarketplaceInsightService.test.ts",TEST
"packages/services/src/marketplace/__tests__/MarketplaceInstallationService.test.ts",TEST
"packages/services/src/marketplace/__tests__/MarketplaceMetricsService.test.ts",TEST
"packages/services/src/marketplace/__tests__/MarketplaceNotificationService.test.ts",TEST
"packages/services/src/marketplace/__tests__/MarketplacePerformance.test.ts",TEST
"packages/services/src/marketplace/__tests__/MarketplaceProviderService.test.ts",TEST
"packages/services/src/marketplace/__tests__/MarketplaceRecommendationService.test.ts",TEST
"packages/services/src/marketplace/__tests__/MarketplaceTimelineService.test.ts",TEST
"packages/services/src/marketplace/__tests__/MarketplaceVersionService.test.ts",TEST
"packages/services/src/marketplace/__tests__/MarketplaceViewModelFactory.test.ts",TEST
"packages/services/src/marketplace/index.ts",PRODUCTION
"packages/services/src/memory/MemoryApplicationService.ts",PRODUCTION
"packages/services/src/memory/MemoryContracts.ts",PRODUCTION
"packages/services/src/memory/MemoryDTO.ts",PRODUCTION
"packages/services/src/memory/MemoryMapper.ts",PRODUCTION
"packages/services/src/memory/MemoryReflectionService.ts",PRODUCTION
"packages/services/src/memory/MemoryRetentionService.ts",PRODUCTION
"packages/services/src/memory/MemorySearchService.ts",PRODUCTION
"packages/services/src/memory/MemoryTimelineService.ts",PRODUCTION
"packages/services/src/memory/__tests__/MemoryApplicationService.test.ts",TEST
"packages/services/src/memory/__tests__/MemoryMapper.test.ts",TEST
"packages/services/src/memory/__tests__/MemoryReflectionService.test.ts",TEST
"packages/services/src/memory/__tests__/MemoryRetentionService.test.ts",TEST
"packages/services/src/memory/__tests__/MemorySearchService.test.ts",TEST
"packages/services/src/memory/__tests__/MemoryTimelineService.test.ts",TEST
"packages/services/src/memory/index.ts",PRODUCTION
"packages/services/tsconfig.json",CONFIG
"packages/services/vitest.config.ts",CONFIG
"packages/shared/README.md",DOCUMENTATION
"packages/shared/package.json",CONFIG
"packages/shared/src/index.ts",PRODUCTION
"packages/shared/src/types/QuickActionDTO.ts",PRODUCTION
"packages/shared/tsconfig.json",CONFIG
"packages/testing/README.md",DOCUMENTATION
"packages/testing/package.json",CONFIG
"packages/testing/src/index.ts",PRODUCTION
"packages/testing/tsconfig.json",CONFIG
"packages/ui/.storybook/main.ts",STORY
"packages/ui/.storybook/preview.tsx",STORY
"packages/ui/README.md",DOCUMENTATION
"packages/ui/package.json",CONFIG
"packages/ui/src/components/button/Button.test.tsx",TEST
"packages/ui/src/components/button/Button.tsx",PRODUCTION
"packages/ui/src/components/button/IconButton.tsx",PRODUCTION
"packages/ui/src/components/button/README.md",DOCUMENTATION
"packages/ui/src/components/button/__snapshots__/Button.test.tsx.snap",OTHER
"packages/ui/src/components/button/index.ts",PRODUCTION
"packages/ui/src/components/card/AICard.tsx",PRODUCTION
"packages/ui/src/components/card/Card.test.tsx",TEST
"packages/ui/src/components/card/Card.tsx",PRODUCTION
"packages/ui/src/components/card/ModuleCards.tsx",PRODUCTION
"packages/ui/src/components/card/README.md",DOCUMENTATION
"packages/ui/src/components/card/__snapshots__/Card.test.tsx.snap",OTHER
"packages/ui/src/components/card/index.ts",PRODUCTION
"packages/ui/src/components/display/Display.test.tsx",TEST
"packages/ui/src/components/display/Display.tsx",PRODUCTION
"packages/ui/src/components/display/README.md",DOCUMENTATION
"packages/ui/src/components/display/__snapshots__/Display.test.tsx.snap",OTHER
"packages/ui/src/components/display/index.ts",PRODUCTION
"packages/ui/src/components/input/Checkbox.tsx",PRODUCTION
"packages/ui/src/components/input/Input.test.tsx",TEST
"packages/ui/src/components/input/README.md",DOCUMENTATION
"packages/ui/src/components/input/Radio.tsx",PRODUCTION
"packages/ui/src/components/input/Select.tsx",PRODUCTION
"packages/ui/src/components/input/Switch.tsx",PRODUCTION
"packages/ui/src/components/input/TextField.tsx",PRODUCTION
"packages/ui/src/components/input/Textarea.tsx",PRODUCTION
"packages/ui/src/components/input/__snapshots__/Input.test.tsx.snap",OTHER
"packages/ui/src/components/input/index.ts",PRODUCTION
"packages/ui/src/components/navigation/Navigation.test.tsx",TEST
"packages/ui/src/components/navigation/Navigation.tsx",PRODUCTION
"packages/ui/src/components/navigation/README.md",DOCUMENTATION
"packages/ui/src/components/navigation/index.ts",PRODUCTION
"packages/ui/src/components/overlay/BottomSheet.tsx",PRODUCTION
"packages/ui/src/components/overlay/Dialog.test.tsx",TEST
"packages/ui/src/components/overlay/Dialog.tsx",PRODUCTION
"packages/ui/src/components/overlay/Drawer.tsx",PRODUCTION
"packages/ui/src/components/overlay/Overlay.test.tsx",TEST
"packages/ui/src/components/overlay/README.md",DOCUMENTATION
"packages/ui/src/components/overlay/Toast.test.tsx",TEST
"packages/ui/src/components/overlay/Toast.tsx",PRODUCTION
"packages/ui/src/components/overlay/Tooltip.tsx",PRODUCTION
"packages/ui/src/components/overlay/__snapshots__/Overlay.test.tsx.snap",OTHER
"packages/ui/src/components/overlay/index.ts",PRODUCTION
"packages/ui/src/components/state/README.md",DOCUMENTATION
"packages/ui/src/components/state/State.test.tsx",TEST
"packages/ui/src/components/state/State.tsx",PRODUCTION
"packages/ui/src/components/state/index.ts",PRODUCTION
"packages/ui/src/index.ts",PRODUCTION
"packages/ui/src/stories/Button.stories.tsx",STORY
"packages/ui/src/stories/Card.stories.tsx",STORY
"packages/ui/src/stories/Display.stories.tsx",STORY
"packages/ui/src/stories/IconButton.stories.tsx",STORY
"packages/ui/src/stories/Input.stories.tsx",STORY
"packages/ui/src/stories/Navigation.stories.tsx",STORY
"packages/ui/src/stories/Overlay.stories.tsx",STORY
"packages/ui/src/stories/State.stories.tsx",STORY
"packages/ui/src/styles/globals.css",OTHER
"packages/ui/src/theme/ThemeProvider.test.tsx",TEST
"packages/ui/src/theme/ThemeProvider.tsx",PRODUCTION
"packages/ui/src/theme/index.ts",PRODUCTION
"packages/ui/src/tokens/Tokens.test.ts",TEST
"packages/ui/src/tokens/breakpoints.ts",PRODUCTION
"packages/ui/src/tokens/colors.ts",PRODUCTION
"packages/ui/src/tokens/elevation.ts",PRODUCTION
"packages/ui/src/tokens/index.ts",PRODUCTION
"packages/ui/src/tokens/motion.ts",PRODUCTION
"packages/ui/src/tokens/spacing.ts",PRODUCTION
"packages/ui/src/tokens/typography.ts",PRODUCTION
"packages/ui/src/utilities/Utilities.test.tsx",TEST
"packages/ui/src/utilities/accessibility.tsx",PRODUCTION
"packages/ui/src/utilities/animation.ts",PRODUCTION
"packages/ui/src/utilities/cn.ts",PRODUCTION
"packages/ui/src/utilities/index.ts",PRODUCTION
"packages/ui/src/utilities/responsive.ts",PRODUCTION
"packages/ui/src/vitest.setup.ts",PRODUCTION
"packages/ui/tsconfig.json",CONFIG
"packages/ui/vitest.config.ts",CONFIG
"packages/voice/package.json",CONFIG
"packages/voice/src/__tests__/CommandCenterQuestionRouter.test.ts",TEST
"packages/voice/src/__tests__/ConversationStore.test.ts",TEST
"packages/voice/src/__tests__/PostgresConversationStore.test.ts",TEST
"packages/voice/src/__tests__/RuntimeSpeechAdapters.test.ts",TEST
"packages/voice/src/__tests__/SpeechApplicationService.test.ts",TEST
"packages/voice/src/__tests__/VoiceAssistantService.test.ts",TEST
"packages/voice/src/__tests__/VoiceIntentGate.test.ts",TEST
"packages/voice/src/application/SpeechApplicationService.ts",PRODUCTION
"packages/voice/src/application/VoiceAssistantService.ts",PRODUCTION
"packages/voice/src/contracts/voice-ports.ts",PRODUCTION
"packages/voice/src/domain/CommandCenterQuestionRouter.ts",PRODUCTION
"packages/voice/src/domain/ConversationPolicy.ts",PRODUCTION
"packages/voice/src/domain/VoiceIntentGate.ts",PRODUCTION
"packages/voice/src/index.ts",PRODUCTION
"packages/voice/src/infrastructure/InMemoryConversationStore.ts",PRODUCTION
"packages/voice/src/infrastructure/MockSpeechToTextAdapter.ts",PRODUCTION
"packages/voice/src/infrastructure/MockTextToSpeechAdapter.ts",PRODUCTION
"packages/voice/src/infrastructure/PostgresConversationStore.ts",PRODUCTION
"packages/voice/src/infrastructure/RuntimeSpeechToTextAdapter.ts",PRODUCTION
"packages/voice/src/infrastructure/RuntimeTextToSpeechAdapter.ts",PRODUCTION
"packages/voice/src/types/voice-types.ts",PRODUCTION
"packages/voice/tsconfig.json",CONFIG
"packages/voice/vitest.config.ts",CONFIG
"packages/world-model/package.json",CONFIG
"packages/world-model/src/__tests__/AIWorkforce.test.ts",TEST
"packages/world-model/src/__tests__/BlueprintApprovalFactory.test.ts",TEST
"packages/world-model/src/__tests__/BusinessUnit.test.ts",TEST
"packages/world-model/src/__tests__/CalibrationBenchmark.test.ts",TEST
"packages/world-model/src/__tests__/CostWeightedRevenue.test.ts",TEST
"packages/world-model/src/__tests__/EvidenceCalibrationBenchmark.test.ts",TEST
"packages/world-model/src/__tests__/FounderBriefing.test.ts",TEST
"packages/world-model/src/__tests__/FounderEvidenceLoop.test.ts",TEST
"packages/world-model/src/__tests__/HumanAIBoundary.test.ts",TEST
"packages/world-model/src/__tests__/LiveSignalAdapter.test.ts",TEST
"packages/world-model/src/__tests__/OpportunityBenchmark.test.ts",TEST
"packages/world-model/src/__tests__/OpportunityDiscovery.test.ts",TEST
"packages/world-model/src/__tests__/OpportunityDiscoveryDomain.test.ts",TEST
"packages/world-model/src/__tests__/OpportunityEconomics.test.ts",TEST
"packages/world-model/src/__tests__/OutcomeEvidence.test.ts",TEST
"packages/world-model/src/__tests__/ProviderOrchestrationBenchmark.test.ts",TEST
"packages/world-model/src/__tests__/RevenueIntelligence.test.ts",TEST
"packages/world-model/src/__tests__/WorkflowExecutionBlueprint.test.ts",TEST
"packages/world-model/src/__tests__/WorkflowFactory.test.ts",TEST
"packages/world-model/src/__tests__/WorldGraph.test.ts",TEST
"packages/world-model/src/__tests__/WorldModelService.test.ts",TEST
"packages/world-model/src/application/WorldModelService.ts",PRODUCTION
"packages/world-model/src/benchmark/CalibrationScenarios.ts",PRODUCTION
"packages/world-model/src/benchmark/CustomerDiscoveryScenarios.ts",PRODUCTION
"packages/world-model/src/benchmark/EvidenceCalibrationScenarios.ts",PRODUCTION
"packages/world-model/src/benchmark/OpportunityDiscoveryScenarios.ts",PRODUCTION
"packages/world-model/src/benchmark/ProviderOrchestrationScenarios.ts",PRODUCTION
"packages/world-model/src/contracts/world-ports.ts",PRODUCTION
"packages/world-model/src/domain/AIWorkforce.ts",PRODUCTION
"packages/world-model/src/domain/BlueprintApprovalFactory.ts",PRODUCTION
"packages/world-model/src/domain/BusinessUnit.ts",PRODUCTION
"packages/world-model/src/domain/CostWeightedRevenue.ts",PRODUCTION
"packages/world-model/src/domain/FounderBriefing.ts",PRODUCTION
"packages/world-model/src/domain/FounderEvidenceLoop.ts",PRODUCTION
"packages/world-model/src/domain/HumanAIBoundary.ts",PRODUCTION
"packages/world-model/src/domain/MultiProviderOrchestrator.ts",PRODUCTION
"packages/world-model/src/domain/OpportunityDiscovery.ts",PRODUCTION
"packages/world-model/src/domain/OpportunityEconomics.ts",PRODUCTION
"packages/world-model/src/domain/OutcomeEvidence.ts",PRODUCTION
"packages/world-model/src/domain/RevenueIntelligence.ts",PRODUCTION
"packages/world-model/src/domain/WorkflowExecutionBlueprint.ts",PRODUCTION
"packages/world-model/src/domain/WorkflowFactory.ts",PRODUCTION
"packages/world-model/src/domain/WorldGraph.ts",PRODUCTION
"packages/world-model/src/index.ts",PRODUCTION
"packages/world-model/src/infrastructure/InMemoryWorldStores.ts",PRODUCTION
"packages/world-model/src/infrastructure/LiveSignalAdapter.ts",PRODUCTION
"packages/world-model/src/infrastructure/PostgresWorldStores.ts",PRODUCTION
"packages/world-model/src/infrastructure/__tests__/InMemoryWorldStores.test.ts",TEST
"packages/world-model/src/infrastructure/__tests__/PostgresWorldStores.test.ts",TEST
"packages/world-model/src/types/world-types.ts",PRODUCTION
"packages/world-model/tsconfig.json",CONFIG
"packages/world-model/vitest.config.ts",CONFIG
"scripts/README.md",DOCUMENTATION
"scripts/_e2e-token-probe.mjs",SCRIPT
"scripts/_probe-factory.mjs",SCRIPT
"scripts/accuracy-evaluate.ts",SCRIPT
"scripts/agency-e2e-simulation.ts",SCRIPT
"scripts/ai-critique-verify.ts",SCRIPT
"scripts/ai-live-smoke.ts",SCRIPT
"scripts/ai-production-verify.ts",SCRIPT
"scripts/ai-smoke.ts",SCRIPT
"scripts/ai-world-scheduler-benchmark.ts",SCRIPT
"scripts/analyze-eslint-detail.mjs",SCRIPT
"scripts/analyze-eslint-report.mjs",SCRIPT
"scripts/analyze-eslint-warnings.mjs",SCRIPT
"scripts/analyze-ts-errors.js",SCRIPT
"scripts/analyze-ui-coverage.mjs",SCRIPT
"scripts/app-factory-benchmark.ts",SCRIPT
"scripts/audit-internal-deps.mjs",SCRIPT
"scripts/audit-tables.mjs",SCRIPT
"scripts/audit-unused.mjs",SCRIPT
"scripts/backup.sh",SCRIPT
"scripts/bld023-live-acceptance.ts",SCRIPT
"scripts/brain-benchmark.ts",SCRIPT
"scripts/calibration-benchmark.ts",SCRIPT
"scripts/check-bundle-size.sh",SCRIPT
"scripts/check-port.ts",SCRIPT
"scripts/ci/run.sh",SCRIPT
"scripts/continuous-intelligence-benchmark.ts",SCRIPT
"scripts/coverage-gaps.mjs",SCRIPT
"scripts/coverage-gate-parallel.mjs",SCRIPT
"scripts/coverage-gate.mjs",SCRIPT
"scripts/coverage-need.mjs",SCRIPT
"scripts/coverage-scan.mjs",SCRIPT
"scripts/customer-discovery-benchmark.ts",SCRIPT
"scripts/deploy/deploy.sh",SCRIPT
"scripts/deploy/smoke-test.sh",SCRIPT
"scripts/dev/setup.sh",SCRIPT
"scripts/dev/start.sh",SCRIPT
"scripts/doctor.ts",SCRIPT
"scripts/e2e-session.ts",SCRIPT
"scripts/evidence-calibration-benchmark.ts",SCRIPT
"scripts/execution-benchmark.ts",SCRIPT
"scripts/experience-benchmark.ts",SCRIPT
"scripts/fix-lint-disables.mjs",SCRIPT
"scripts/fix-ops-lint.mjs",SCRIPT
"scripts/get-ts-error-details.js",SCRIPT
"scripts/integration-provider.ts",SCRIPT
"scripts/intelligence-benchmark.ts",SCRIPT
"scripts/learning-benchmark.ts",SCRIPT
"scripts/lib/probes.ts",SCRIPT
"scripts/lib/ts-probe.ts",SCRIPT
"scripts/lint.mjs",SCRIPT
"scripts/live-crash-worker.ts",SCRIPT
"scripts/live-intelligence-bridge-benchmark.ts",SCRIPT
"scripts/live-lease-racer.ts",SCRIPT
"scripts/live-recovery-worker.ts",SCRIPT
"scripts/live-restart-acceptance.ts",SCRIPT
"scripts/load-env.ts",SCRIPT
"scripts/load-test.mjs",SCRIPT
"scripts/load/k6-load-test.js",SCRIPT
"scripts/loop-benchmark.ts",SCRIPT
"scripts/opportunity-benchmark.ts",SCRIPT
"scripts/outcome-intelligence-benchmark.ts",SCRIPT
"scripts/outcome-journey-benchmark.ts",SCRIPT
"scripts/parse-coverage.mjs",SCRIPT
"scripts/planning-benchmark.ts",SCRIPT
"scripts/planning-demo.ts",SCRIPT
"scripts/preflight.ts",SCRIPT
"scripts/production-benchmark.ts",SCRIPT
"scripts/production-config-check.ts",SCRIPT
"scripts/provider-calibrate.ts",SCRIPT
"scripts/provider-orchestration-benchmark.ts",SCRIPT
"scripts/provider-usage-ingest.ts",SCRIPT
"scripts/quality-gates-verify.ts",SCRIPT
"scripts/rag-calibrate.ts",SCRIPT
"scripts/rag-evaluate.ts",SCRIPT
"scripts/rag-live-verify.ts",SCRIPT
"scripts/realworld-matrix.ts",SCRIPT
"scripts/requirements-benchmark.ts",SCRIPT
"scripts/run-a11y.sh",SCRIPT
"scripts/runtime-verification-benchmark.ts",SCRIPT
"scripts/s56-secret-scan.ps1",SCRIPT
"scripts/seed-ei.ts",SCRIPT
"scripts/show-eslint-lines.mjs",SCRIPT
"scripts/shutdown.sh",SCRIPT
"scripts/startup.sh",SCRIPT
"scripts/test-neon-connectivity.ts",SCRIPT
"scripts/token-benchmark.ts",SCRIPT
"scripts/verify.sh",SCRIPT
"scripts/vm-create-dbs.mjs",SCRIPT
"services/README.md",DOCUMENTATION
"services/api/Dockerfile",CONFIG
"services/api/README.md",DOCUMENTATION
"services/api/package.json",CONFIG
"services/api/src/__tests__/AIWorldRouter.test.ts",TEST
"services/api/src/__tests__/AlertEngine.test.ts",TEST
"services/api/src/__tests__/AuditLogStore.test.ts",TEST
"services/api/src/__tests__/BrainDashboardService.test.ts",TEST
"services/api/src/__tests__/BrainRouter.test.ts",TEST
"services/api/src/__tests__/CapabilityMarketplaceRouter.test.ts",TEST
"services/api/src/__tests__/ConnectionBudgetConcurrency.test.ts",TEST
"services/api/src/__tests__/ControlBridgePorts.test.ts",TEST
"services/api/src/__tests__/ControlRouter.test.ts",TEST
"services/api/src/__tests__/EcosystemIntelligenceRouter.test.ts",TEST
"services/api/src/__tests__/EcosystemWorkflowRouter.test.ts",TEST
"services/api/src/__tests__/ExecutionBridgeRouter.test.ts",TEST
"services/api/src/__tests__/ExecutionHealthService.test.ts",TEST
"services/api/src/__tests__/ExperienceAICritiquePort.test.ts",TEST
"services/api/src/__tests__/ExperienceLifecycleRouter.test.ts",TEST
"services/api/src/__tests__/FabricBridgePorts.test.ts",TEST
"services/api/src/__tests__/FabricRouter.test.ts",TEST
"services/api/src/__tests__/FactoryLifecycleRouter.test.ts",TEST
"services/api/src/__tests__/GatewayPorts.test.ts",TEST
"services/api/src/__tests__/GatewayRouterBranches.test.ts",TEST
"services/api/src/__tests__/GoalsUnderstandProblem.test.ts",TEST
"services/api/src/__tests__/InMemoryRepositories.test.ts",TEST
"services/api/src/__tests__/InMemoryRepositoriesMethods.test.ts",TEST
"services/api/src/__tests__/InfrastructureHealthProbe.test.ts",TEST
"services/api/src/__tests__/LiveIntelligenceBridgeRouter.test.ts",TEST
"services/api/src/__tests__/MissionRouter.test.ts",TEST
"services/api/src/__tests__/ObservabilityWiring.test.ts",TEST
"services/api/src/__tests__/OpsApplicationServiceFailures.test.ts",TEST
"services/api/src/__tests__/OpsControlPlane.test.ts",TEST
"services/api/src/__tests__/OrchestrationPlanSource.test.ts",TEST
"services/api/src/__tests__/PersistenceStores.test.ts",TEST
"services/api/src/__tests__/PlanningRouter.test.ts",TEST
"services/api/src/__tests__/PreviewService.test.ts",TEST
"services/api/src/__tests__/ProactiveBridgePorts.test.ts",TEST
"services/api/src/__tests__/ProactiveRouter.test.ts",TEST
"services/api/src/__tests__/ProductionAIConfig.test.ts",TEST
"services/api/src/__tests__/ProductionEngineWiring.test.ts",TEST
"services/api/src/__tests__/ProductionIdentityWiring.test.ts",TEST
"services/api/src/__tests__/ProviderExperienceService.test.ts",TEST
"services/api/src/__tests__/ProviderExperienceServiceOpenAIOrgUsage.test.ts",TEST
"services/api/src/__tests__/ProviderIntelligenceRouter.test.ts",TEST
"services/api/src/__tests__/ProviderUsageIngestor.test.ts",TEST
"services/api/src/__tests__/RateLimiter.test.ts",TEST
"services/api/src/__tests__/RequirementsLifecycleRouter.test.ts",TEST
"services/api/src/__tests__/RoutingEvidenceService.test.ts",TEST
"services/api/src/__tests__/SchedulerRouter.test.ts",TEST
"services/api/src/__tests__/VoiceAssistantRouter.test.ts",TEST
"services/api/src/__tests__/VoiceBridgePorts.test.ts",TEST
"services/api/src/__tests__/VoiceRouter.test.ts",TEST
"services/api/src/__tests__/WorldBridgePorts.test.ts",TEST
"services/api/src/__tests__/WorldRouter.test.ts",TEST
"services/api/src/__tests__/client-ops-routers.test.ts",TEST
"services/api/src/__tests__/context-fabric-router.test.ts",TEST
"services/api/src/__tests__/ei-router-coverage.test.ts",TEST
"services/api/src/__tests__/middleware.test.ts",TEST
"services/api/src/__tests__/observability-startup.test.ts",TEST
"services/api/src/__tests__/os-health-scheduler.test.ts",TEST
"services/api/src/__tests__/response-mapper.test.ts",TEST
"services/api/src/__tests__/router-registry.test.ts",TEST
"services/api/src/__tests__/routers.test.ts",TEST
"services/api/src/__tests__/scheduler-cadence.test.ts",TEST
"services/api/src/index.ts",PRODUCTION
"services/api/src/infrastructure/AuditLogStore.ts",PRODUCTION
"services/api/src/infrastructure/BrainPorts.ts",PRODUCTION
"services/api/src/infrastructure/CapabilityEnrichmentPort.ts",PRODUCTION
"services/api/src/infrastructure/CapabilitySourcePorts.ts",PRODUCTION
"services/api/src/infrastructure/ControlBridgePorts.ts",PRODUCTION
"services/api/src/infrastructure/EcosystemIntelligencePorts.ts",PRODUCTION
"services/api/src/infrastructure/ExecutionBridgePorts.ts",PRODUCTION
"services/api/src/infrastructure/ExperienceAICritiquePort.ts",PRODUCTION
"services/api/src/infrastructure/FabricBridgePorts.ts",PRODUCTION
"services/api/src/infrastructure/InMemoryRepositories.ts",PRODUCTION
"services/api/src/infrastructure/LiveIntelligenceBridgePorts.ts",PRODUCTION
"services/api/src/infrastructure/OrchestrationPlanSource.ts",PRODUCTION
"services/api/src/infrastructure/PersistenceStores.ts",PRODUCTION
"services/api/src/infrastructure/ProactiveBridgePorts.ts",PRODUCTION
"services/api/src/infrastructure/ProductionAIConfig.ts",PRODUCTION
"services/api/src/infrastructure/ProductionRepositories.ts",PRODUCTION
"services/api/src/infrastructure/RuntimePorts.ts",PRODUCTION
"services/api/src/infrastructure/SchedulerPorts.ts",PRODUCTION
"services/api/src/infrastructure/VoiceBridgePorts.ts",PRODUCTION
"services/api/src/infrastructure/WorldBridgePorts.ts",PRODUCTION
"services/api/src/middleware/audit.ts",PRODUCTION
"services/api/src/middleware/auth.ts",PRODUCTION
"services/api/src/middleware/error.ts",PRODUCTION
"services/api/src/middleware/rate-limit.ts",PRODUCTION
"services/api/src/middleware/validation.ts",PRODUCTION
"services/api/src/observability/AlertEngine.ts",PRODUCTION
"services/api/src/observability/ApplicationHealthService.ts",PRODUCTION
"services/api/src/observability/CostLedger.ts",PRODUCTION
"services/api/src/observability/IncidentDiagnostics.ts",PRODUCTION
"services/api/src/observability/OpsAudit.ts",PRODUCTION
"services/api/src/observability/TraceProviderOtelBridge.ts",PRODUCTION
"services/api/src/observability/env-flags.ts",PRODUCTION
"services/api/src/observability/os-health-scheduler.ts",PRODUCTION
"services/api/src/observability/scheduler-cadence.ts",PRODUCTION
"services/api/src/observability/startup.ts",PRODUCTION
"services/api/src/router.ts",PRODUCTION
"services/api/src/routers/AIRouter.ts",PRODUCTION
"services/api/src/routers/AIWorldRouter.ts",PRODUCTION
"services/api/src/routers/BrainRouter.ts",PRODUCTION
"services/api/src/routers/BusinessRouter.ts",PRODUCTION
"services/api/src/routers/CapabilitiesRouter.ts",PRODUCTION
"services/api/src/routers/CapabilityMarketplaceRouter.ts",PRODUCTION
"services/api/src/routers/CareerRouter.ts",PRODUCTION
"services/api/src/routers/ClientOpsRouter.ts",PRODUCTION
"services/api/src/routers/ConfigurationRouter.ts",PRODUCTION
"services/api/src/routers/ContentAgencyRouter.ts",PRODUCTION
"services/api/src/routers/ContextFabricRouter.ts",PRODUCTION
"services/api/src/routers/ContextRouter.ts",PRODUCTION
"services/api/src/routers/ControlRouter.ts",PRODUCTION
"services/api/src/routers/DashboardRouter.ts",PRODUCTION
"services/api/src/routers/EcosystemIntelligenceRouter.ts",PRODUCTION
"services/api/src/routers/EcosystemWorkflowRouter.ts",PRODUCTION
"services/api/src/routers/ExecutionBridgeRouter.ts",PRODUCTION
"services/api/src/routers/ExecutionStrategyRouter.ts",PRODUCTION
"services/api/src/routers/ExperienceRouter.ts",PRODUCTION
"services/api/src/routers/FabricRouter.ts",PRODUCTION
"services/api/src/routers/FactoryRouter.ts",PRODUCTION
"services/api/src/routers/GoalsRouter.ts",PRODUCTION
"services/api/src/routers/HealthRouter.ts",PRODUCTION
"services/api/src/routers/IdentityRouter.ts",PRODUCTION
"services/api/src/routers/IntelligenceRouter.ts",PRODUCTION
"services/api/src/routers/KnowledgeRouter.ts",PRODUCTION
"services/api/src/routers/LearningIntelligenceRouter.ts",PRODUCTION
"services/api/src/routers/LearningRouter.ts",PRODUCTION
"services/api/src/routers/LifeOSRouter.ts",PRODUCTION
"services/api/src/routers/LiveIntelligenceBridgeRouter.ts",PRODUCTION
"services/api/src/routers/LoopRouter.ts",PRODUCTION
"services/api/src/routers/MarketplaceRouter.ts",PRODUCTION
"services/api/src/routers/MemoryIntelligenceRouter.ts",PRODUCTION
"services/api/src/routers/MetricsRouter.ts",PRODUCTION
"services/api/src/routers/MissionRouter.ts",PRODUCTION
"services/api/src/routers/NotificationRouter.ts",PRODUCTION
"services/api/src/routers/OSRouter.ts",PRODUCTION
"services/api/src/routers/OpsRouter.ts",PRODUCTION
"services/api/src/routers/OrchestrationFabricRouter.ts",PRODUCTION
"services/api/src/routers/OrchestratorRouter.ts",PRODUCTION
"services/api/src/routers/PlanningRouter.ts",PRODUCTION
"services/api/src/routers/PortalRouter.ts",PRODUCTION
"services/api/src/routers/ProactiveRouter.ts",PRODUCTION
"services/api/src/routers/ProvidersRouter.ts",PRODUCTION
"services/api/src/routers/RagRouter.ts",PRODUCTION
"services/api/src/routers/RequirementsRouter.ts",PRODUCTION
"services/api/src/routers/SchedulerRouter.ts",PRODUCTION
"services/api/src/routers/SearchRouter.ts",PRODUCTION
"services/api/src/routers/VoiceRouter.ts",PRODUCTION
"services/api/src/routers/WorldRouter.ts",PRODUCTION
"services/api/src/services/ApiApplicationService.ts",PRODUCTION
"services/api/src/services/BrainDashboardService.ts",PRODUCTION
"services/api/src/services/ExecutionHealthService.ts",PRODUCTION
"services/api/src/services/InfrastructureHealthProbe.ts",PRODUCTION
"services/api/src/services/MissionService.ts",PRODUCTION
"services/api/src/services/OpsApplicationService.ts",PRODUCTION
"services/api/src/services/PreviewService.ts",PRODUCTION
"services/api/src/services/ProviderExperienceService.ts",PRODUCTION
"services/api/src/services/ProviderUsageIngestor.ts",PRODUCTION
"services/api/src/services/ResponseMapper.ts",PRODUCTION
"services/api/src/services/RouterRegistry.ts",PRODUCTION
"services/api/src/services/RoutingEvidenceService.ts",PRODUCTION
"services/api/tsconfig.json",CONFIG
"services/api/vitest.config.ts",CONFIG
"services/business/README.md",DOCUMENTATION
"services/business/package.json",CONFIG
"services/business/src/index.ts",PRODUCTION
"services/business/tsconfig.json",CONFIG
"services/career/README.md",DOCUMENTATION
"services/career/package.json",CONFIG
"services/career/src/index.ts",PRODUCTION
"services/career/tsconfig.json",CONFIG
"services/content-agency/package.json",CONFIG
"services/content-agency/src/__tests__/module-registration.test.ts",TEST
"services/content-agency/src/index.ts",PRODUCTION
"services/content-agency/src/infrastructure/di/ContentAgencyModule.ts",PRODUCTION
"services/content-agency/src/infrastructure/persistence/DatabaseConnection.ts",PRODUCTION
"services/content-agency/src/infrastructure/persistence/PostgresClientOpsRepository.ts",PRODUCTION
"services/content-agency/src/infrastructure/persistence/PostgresContentAgencyRepository.ts",PRODUCTION
"services/content-agency/src/schema/content-agency.ts",PRODUCTION
"services/content-agency/src/schema/types.ts",PRODUCTION
"services/content-agency/tsconfig.json",CONFIG
"services/content-agency/vitest.config.ts",CONFIG
"services/decision/README.md",DOCUMENTATION
"services/decision/__tests__/AIOrchestratorClient.test.ts",TEST
"services/decision/__tests__/DecisionConfig.test.ts",TEST
"services/decision/__tests__/DecisionExplainabilityService.test.ts",TEST
"services/decision/__tests__/KnowledgeGraphClient.test.ts",TEST
"services/decision/__tests__/MemoryEngineClient.test.ts",TEST
"services/decision/package.json",CONFIG
"services/decision/src/config/DecisionConfig.ts",PRODUCTION
"services/decision/src/config/__tests__/DecisionConfig.test.ts",TEST
"services/decision/src/config/index.ts",PRODUCTION
"services/decision/src/constants/DecisionConstants.ts",PRODUCTION
"services/decision/src/constants/__tests__/DecisionConstants.test.ts",TEST
"services/decision/src/constants/index.ts",PRODUCTION
"services/decision/src/errors/DecisionErrors.ts",PRODUCTION
"services/decision/src/errors/__tests__/DecisionErrors.test.ts",TEST
"services/decision/src/errors/index.ts",PRODUCTION
"services/decision/src/index.ts",PRODUCTION
"services/decision/src/infrastructure/cache/DecisionCache.ts",PRODUCTION
"services/decision/src/infrastructure/cache/__tests__/DecisionCache.test.ts",TEST
"services/decision/src/infrastructure/di/DecisionModule.ts",PRODUCTION
"services/decision/src/infrastructure/di/__tests__/DecisionModule.test.ts",TEST
"services/decision/src/infrastructure/events/DecisionEventPublisher.ts",PRODUCTION
"services/decision/src/infrastructure/events/__tests__/DecisionEventPublisher.test.ts",TEST
"services/decision/src/infrastructure/persistence/DatabaseConnection.ts",PRODUCTION
"services/decision/src/infrastructure/persistence/PostgresDecisionRepository.ts",PRODUCTION
"services/decision/src/infrastructure/persistence/__tests__/DatabaseConnection.test.ts",TEST
"services/decision/src/infrastructure/persistence/__tests__/PostgresDecisionRepository.test.ts",TEST
"services/decision/src/integration/AIOrchestratorClient.ts",PRODUCTION
"services/decision/src/integration/KnowledgeGraphClient.ts",PRODUCTION
"services/decision/src/integration/MemoryEngineClient.ts",PRODUCTION
"services/decision/src/integration/__tests__/AIOrchestratorClient.test.ts",TEST
"services/decision/src/integration/__tests__/KnowledgeGraphClient.test.ts",TEST
"services/decision/src/integration/__tests__/MemoryEngineClient.test.ts",TEST
"services/decision/src/integration/index.ts",PRODUCTION
"services/decision/src/observability/DecisionAudit.ts",PRODUCTION
"services/decision/src/observability/DecisionMetrics.ts",PRODUCTION
"services/decision/src/observability/DecisionTracing.ts",PRODUCTION
"services/decision/src/observability/__tests__/DecisionAudit.test.ts",TEST
"services/decision/src/observability/__tests__/DecisionMetrics.test.ts",TEST
"services/decision/src/observability/__tests__/DecisionTracing.test.ts",TEST
"services/decision/src/presentation/controllers/DecisionController.ts",PRODUCTION
"services/decision/src/presentation/controllers/__tests__/DecisionController.test.ts",TEST
"services/decision/src/presentation/middleware/ErrorMapper.ts",PRODUCTION
"services/decision/src/presentation/middleware/__tests__/ErrorMapper.test.ts",TEST
"services/decision/src/presentation/openapi/DecisionOpenAPI.ts",PRODUCTION
"services/decision/src/presentation/openapi/__tests__/DecisionOpenAPI.test.ts",TEST
"services/decision/src/presentation/routes/DecisionRoutes.ts",PRODUCTION
"services/decision/src/presentation/routes/__tests__/DecisionRoutes.test.ts",TEST
"services/decision/src/presentation/trpc/DecisionRouter.ts",PRODUCTION
"services/decision/src/presentation/trpc/__tests__/DecisionRouter.test.ts",TEST
"services/decision/src/presentation/validation/DecisionSchemas.ts",PRODUCTION
"services/decision/src/presentation/validation/__tests__/DecisionSchemas.test.ts",TEST
"services/decision/src/schema/decision.ts",PRODUCTION
"services/decision/src/services/DecisionExplainabilityService.ts",PRODUCTION
"services/decision/src/services/__tests__/DecisionExplainabilityService.test.ts",TEST
"services/decision/src/services/index.ts",PRODUCTION
"services/decision/src/types/DecisionTypes.ts",PRODUCTION
"services/decision/src/types/index.ts",PRODUCTION
"services/decision/src/utils/DecisionUtils.ts",PRODUCTION
"services/decision/src/utils/__tests__/DecisionUtils.test.ts",TEST
"services/decision/src/utils/index.ts",PRODUCTION
"services/decision/tsconfig.json",CONFIG
"services/decision/vitest.config.ts",CONFIG
"services/execution/README.md",DOCUMENTATION
"services/execution/package.json",CONFIG
"services/execution/src/config/ExecutionConfig.ts",PRODUCTION
"services/execution/src/config/__tests__/ExecutionConfig.test.ts",TEST
"services/execution/src/config/index.ts",PRODUCTION
"services/execution/src/constants/ExecutionConstants.ts",PRODUCTION
"services/execution/src/constants/__tests__/ExecutionConstants.test.ts",TEST
"services/execution/src/constants/index.ts",PRODUCTION
"services/execution/src/errors/ExecutionErrors.ts",PRODUCTION
"services/execution/src/errors/__tests__/ExecutionErrors.test.ts",TEST
"services/execution/src/errors/index.ts",PRODUCTION
"services/execution/src/index.ts",PRODUCTION
"services/execution/src/infrastructure/__tests__/ExecutionCache.test.ts",TEST
"services/execution/src/infrastructure/cache/ExecutionCache.ts",PRODUCTION
"services/execution/src/infrastructure/di/ExecutionModule.ts",PRODUCTION
"services/execution/src/infrastructure/di/__tests__/ExecutionModule.test.ts",TEST
"services/execution/src/infrastructure/events/ExecutionEventPublisher.ts",PRODUCTION
"services/execution/src/infrastructure/events/__tests__/ExecutionEventPublisher.test.ts",TEST
"services/execution/src/infrastructure/persistence/DatabaseConnection.ts",PRODUCTION
"services/execution/src/infrastructure/persistence/PostgresExecutionRepository.ts",PRODUCTION
"services/execution/src/infrastructure/persistence/__tests__/DatabaseConnection.test.ts",TEST
"services/execution/src/infrastructure/persistence/__tests__/PostgresExecutionRepository.test.ts",TEST
"services/execution/src/integration/AIOrchestratorClient.ts",PRODUCTION
"services/execution/src/integration/DecisionEngineClient.ts",PRODUCTION
"services/execution/src/integration/KnowledgeGraphClient.ts",PRODUCTION
"services/execution/src/integration/MemoryEngineClient.ts",PRODUCTION
"services/execution/src/integration/__tests__/AIOrchestratorClient.test.ts",TEST
"services/execution/src/integration/__tests__/DecisionEngineClient.test.ts",TEST
"services/execution/src/integration/__tests__/KnowledgeGraphClient.test.ts",TEST
"services/execution/src/integration/__tests__/MemoryEngineClient.test.ts",TEST
"services/execution/src/integration/index.ts",PRODUCTION
"services/execution/src/observability/ExecutionAudit.ts",PRODUCTION
"services/execution/src/observability/ExecutionMetrics.ts",PRODUCTION
"services/execution/src/observability/ExecutionTracing.ts",PRODUCTION
"services/execution/src/observability/__tests__/ExecutionAudit.test.ts",TEST
"services/execution/src/observability/__tests__/ExecutionMetrics.test.ts",TEST
"services/execution/src/observability/__tests__/ExecutionTracing.test.ts",TEST
"services/execution/src/observability/index.ts",PRODUCTION
"services/execution/src/presentation/__tests__/ExecutionSchemas.test.ts",TEST
"services/execution/src/presentation/controllers/ExecutionController.ts",PRODUCTION
"services/execution/src/presentation/controllers/__tests__/ExecutionController.test.ts",TEST
"services/execution/src/presentation/middleware/ErrorMapper.ts",PRODUCTION
"services/execution/src/presentation/middleware/__tests__/ErrorMapper.test.ts",TEST
"services/execution/src/presentation/openapi/ExecutionOpenAPI.ts",PRODUCTION
"services/execution/src/presentation/openapi/__tests__/ExecutionOpenAPI.test.ts",TEST
"services/execution/src/presentation/routes/ExecutionRoutes.ts",PRODUCTION
"services/execution/src/presentation/routes/__tests__/ExecutionRoutes.test.ts",TEST
"services/execution/src/presentation/trpc/ExecutionRouter.ts",PRODUCTION
"services/execution/src/presentation/trpc/__tests__/ExecutionRouter.test.ts",TEST
"services/execution/src/presentation/validation/ExecutionSchemas.ts",PRODUCTION
"services/execution/src/schema/execution.ts",PRODUCTION
"services/execution/src/services/ExecutionExplainabilityService.ts",PRODUCTION
"services/execution/src/services/__tests__/ExecutionExplainabilityService.test.ts",TEST
"services/execution/src/services/index.ts",PRODUCTION
"services/execution/src/types/ExecutionTypes.ts",PRODUCTION
"services/execution/src/types/index.ts",PRODUCTION
"services/execution/src/utils/ExecutionUtils.ts",PRODUCTION
"services/execution/src/utils/__tests__/ExecutionUtils.test.ts",TEST
"services/execution/src/utils/index.ts",PRODUCTION
"services/execution/tsconfig.json",CONFIG
"services/execution/vitest.config.ts",CONFIG
"services/identity/README.md",DOCUMENTATION
"services/identity/__tests__/Abilities.test.ts",TEST
"services/identity/__tests__/AuthMiddleware.test.ts",TEST
"services/identity/__tests__/AuthRoutes.test.ts",TEST
"services/identity/__tests__/AuthRoutesExtended.test.ts",TEST
"services/identity/__tests__/AuthService.test.ts",TEST
"services/identity/__tests__/AuthorizationMiddleware.test.ts",TEST
"services/identity/__tests__/AuthorizationService.test.ts",TEST
"services/identity/__tests__/DatabaseConnection.test.ts",TEST
"services/identity/__tests__/EmailVerification.test.ts",TEST
"services/identity/__tests__/ErrorMapper.test.ts",TEST
"services/identity/__tests__/GoogleProvider.test.ts",TEST
"services/identity/__tests__/IdentityContracts.test.ts",TEST
"services/identity/__tests__/IdentityController.test.ts",TEST
"services/identity/__tests__/IdentityEventPublisher.test.ts",TEST
"services/identity/__tests__/IdentityModule.test.ts",TEST
"services/identity/__tests__/IdentityObservability.test.ts",TEST
"services/identity/__tests__/IdentityOpenAPI.test.ts",TEST
"services/identity/__tests__/IdentityRouter.test.ts",TEST
"services/identity/__tests__/IdentityRoutes.test.ts",TEST
"services/identity/__tests__/IdentitySchemas.test.ts",TEST
"services/identity/__tests__/OwnershipGuard.test.ts",TEST
"services/identity/__tests__/PasswordService.test.ts",TEST
"services/identity/__tests__/Policies.test.ts",TEST
"services/identity/__tests__/PostgresIdentityRepository.test.ts",TEST
"services/identity/__tests__/TokenService.test.ts",TEST
"services/identity/__tests__/TokenServiceExtended.test.ts",TEST
"services/identity/__tests__/UserCache.test.ts",TEST
"services/identity/__tests__/VerificationEmailSenderExtended.test.ts",TEST
"services/identity/__tests__/VerificationToken.test.ts",TEST
"services/identity/__tests__/VerificationTokenStoreExtended.test.ts",TEST
"services/identity/__tests__/usersSchema.test.ts",TEST
"services/identity/package.json",CONFIG
"services/identity/src/auth/AuthMiddleware.ts",PRODUCTION
"services/identity/src/auth/AuthRoutes.ts",PRODUCTION
"services/identity/src/auth/AuthService.ts",PRODUCTION
"services/identity/src/auth/GoogleProvider.ts",PRODUCTION
"services/identity/src/auth/PasswordService.ts",PRODUCTION
"services/identity/src/auth/TokenService.ts",PRODUCTION
"services/identity/src/auth/VerificationEmailSender.ts",PRODUCTION
"services/identity/src/auth/VerificationToken.ts",PRODUCTION
"services/identity/src/authorization/Abilities.ts",PRODUCTION
"services/identity/src/authorization/AuthorizationMiddleware.ts",PRODUCTION
"services/identity/src/authorization/AuthorizationService.ts",PRODUCTION
"services/identity/src/authorization/OwnershipGuard.ts",PRODUCTION
"services/identity/src/authorization/Policies.ts",PRODUCTION
"services/identity/src/contracts/IdentityContracts.ts",PRODUCTION
"services/identity/src/index.ts",PRODUCTION
"services/identity/src/infrastructure/cache/UserCache.ts",PRODUCTION
"services/identity/src/infrastructure/di/IdentityModule.ts",PRODUCTION
"services/identity/src/infrastructure/events/IdentityEventPublisher.ts",PRODUCTION
"services/identity/src/infrastructure/persistence/DatabaseConnection.ts",PRODUCTION
"services/identity/src/infrastructure/persistence/PostgresIdentityRepository.ts",PRODUCTION
"services/identity/src/infrastructure/persistence/VerificationTokenStore.ts",PRODUCTION
"services/identity/src/observability/IdentityAudit.ts",PRODUCTION
"services/identity/src/observability/IdentityMetrics.ts",PRODUCTION
"services/identity/src/observability/IdentityTracing.ts",PRODUCTION
"services/identity/src/presentation/controllers/IdentityController.ts",PRODUCTION
"services/identity/src/presentation/middleware/ErrorMapper.ts",PRODUCTION
"services/identity/src/presentation/openapi/IdentityOpenAPI.ts",PRODUCTION
"services/identity/src/presentation/routes/IdentityRoutes.ts",PRODUCTION
"services/identity/src/presentation/trpc/IdentityRouter.ts",PRODUCTION
"services/identity/src/presentation/validation/IdentitySchemas.ts",PRODUCTION
"services/identity/src/schema/users.ts",PRODUCTION
"services/identity/tsconfig.json",CONFIG
"services/identity/vitest.config.ts",CONFIG
"services/knowledge/README.md",DOCUMENTATION
"services/knowledge/package.json",CONFIG
"services/knowledge/src/index.ts",PRODUCTION
"services/knowledge/src/infrastructure/__tests__/KnowledgeAudit.test.ts",TEST
"services/knowledge/src/infrastructure/__tests__/KnowledgeCache.test.ts",TEST
"services/knowledge/src/infrastructure/__tests__/KnowledgeMetrics.test.ts",TEST
"services/knowledge/src/infrastructure/__tests__/KnowledgeTracing.test.ts",TEST
"services/knowledge/src/infrastructure/cache/KnowledgeCache.ts",PRODUCTION
"services/knowledge/src/infrastructure/di/KnowledgeModule.ts",PRODUCTION
"services/knowledge/src/infrastructure/di/__tests__/KnowledgeModule.test.ts",TEST
"services/knowledge/src/infrastructure/events/KnowledgeEventPublisher.ts",PRODUCTION
"services/knowledge/src/infrastructure/events/__tests__/KnowledgeEventPublisher.test.ts",TEST
"services/knowledge/src/infrastructure/persistence/DatabaseConnection.ts",PRODUCTION
"services/knowledge/src/infrastructure/persistence/PostgresKnowledgeRepository.ts",PRODUCTION
"services/knowledge/src/infrastructure/persistence/__tests__/DatabaseConnection.test.ts",TEST
"services/knowledge/src/infrastructure/persistence/__tests__/PostgresKnowledgeRepository.test.ts",TEST
"services/knowledge/src/observability/KnowledgeAudit.ts",PRODUCTION
"services/knowledge/src/observability/KnowledgeMetrics.ts",PRODUCTION
"services/knowledge/src/observability/KnowledgeTracing.ts",PRODUCTION
"services/knowledge/src/presentation/controllers/KnowledgeController.ts",PRODUCTION
"services/knowledge/src/presentation/controllers/__tests__/KnowledgeController.test.ts",TEST
"services/knowledge/src/presentation/middleware/ErrorMapper.ts",PRODUCTION
"services/knowledge/src/presentation/middleware/__tests__/ErrorMapper.test.ts",TEST
"services/knowledge/src/presentation/openapi/KnowledgeOpenAPI.ts",PRODUCTION
"services/knowledge/src/presentation/openapi/__tests__/KnowledgeOpenAPI.test.ts",TEST
"services/knowledge/src/presentation/routes/KnowledgeRoutes.ts",PRODUCTION
"services/knowledge/src/presentation/routes/__tests__/KnowledgeRoutes.test.ts",TEST
"services/knowledge/src/presentation/trpc/KnowledgeRouter.ts",PRODUCTION
"services/knowledge/src/presentation/trpc/__tests__/KnowledgeRouter.test.ts",TEST
"services/knowledge/src/presentation/validation/KnowledgeSchemas.ts",PRODUCTION
"services/knowledge/src/presentation/validation/__tests__/KnowledgeSchemas.test.ts",TEST
"services/knowledge/src/schema/knowledge.ts",PRODUCTION
"services/knowledge/tsconfig.json",CONFIG
"services/knowledge/vitest.config.ts",CONFIG
"services/learning/README.md",DOCUMENTATION
"services/learning/package.json",CONFIG
"services/learning/src/__tests__/index.test.ts",TEST
"services/learning/src/index.ts",PRODUCTION
"services/learning/tsconfig.json",CONFIG
"services/learning/vitest.config.ts",CONFIG
"services/marketplace/README.md",DOCUMENTATION
"services/marketplace/package.json",CONFIG
"services/marketplace/src/__tests__/index.test.ts",TEST
"services/marketplace/src/index.ts",PRODUCTION
"services/marketplace/tsconfig.json",CONFIG
"services/marketplace/vitest.config.ts",CONFIG
"services/memory/ARCHITECTURE.md",DOCUMENTATION
"services/memory/README.md",DOCUMENTATION
"services/memory/package.json",CONFIG
"services/memory/src/index.ts",PRODUCTION
"services/memory/src/infrastructure/__tests__/DatabaseConnection.test.ts",TEST
"services/memory/src/infrastructure/__tests__/MemoryAudit.test.ts",TEST
"services/memory/src/infrastructure/__tests__/MemoryCache.test.ts",TEST
"services/memory/src/infrastructure/__tests__/MemoryEventPublisher.test.ts",TEST
"services/memory/src/infrastructure/__tests__/MemoryMetrics.test.ts",TEST
"services/memory/src/infrastructure/__tests__/MemoryModule.test.ts",TEST
"services/memory/src/infrastructure/__tests__/MemoryTracing.test.ts",TEST
"services/memory/src/infrastructure/__tests__/PostgresMemoryRepository.test.ts",TEST
"services/memory/src/infrastructure/__tests__/PostgresMemoryRepositoryExtended.test.ts",TEST
"services/memory/src/infrastructure/__tests__/PostgresMemoryRepositoryFilters.test.ts",TEST
"services/memory/src/infrastructure/cache/MemoryCache.ts",PRODUCTION
"services/memory/src/infrastructure/di/MemoryModule.ts",PRODUCTION
"services/memory/src/infrastructure/events/MemoryEventPublisher.ts",PRODUCTION
"services/memory/src/infrastructure/persistence/DatabaseConnection.ts",PRODUCTION
"services/memory/src/infrastructure/persistence/PostgresMemoryRepository.ts",PRODUCTION
"services/memory/src/observability/MemoryAudit.ts",PRODUCTION
"services/memory/src/observability/MemoryMetrics.ts",PRODUCTION
"services/memory/src/observability/MemoryTracing.ts",PRODUCTION
"services/memory/src/observability/__tests__/MemoryMetrics.test.ts",TEST
"services/memory/src/presentation/__tests__/ErrorMapper.test.ts",TEST
"services/memory/src/presentation/__tests__/ErrorMapperMiddleware.test.ts",TEST
"services/memory/src/presentation/__tests__/MemoryController.test.ts",TEST
"services/memory/src/presentation/__tests__/MemoryOpenAPI.test.ts",TEST
"services/memory/src/presentation/__tests__/MemorySchemas.test.ts",TEST
"services/memory/src/presentation/__tests__/MemoryTrpcRouter.test.ts",TEST
"services/memory/src/presentation/controllers/MemoryController.ts",PRODUCTION
"services/memory/src/presentation/middleware/ErrorMapper.ts",PRODUCTION
"services/memory/src/presentation/openapi/MemoryOpenAPI.ts",PRODUCTION
"services/memory/src/presentation/routes/MemoryRoutes.ts",PRODUCTION
"services/memory/src/presentation/trpc/MemoryRouter.ts",PRODUCTION
"services/memory/src/presentation/validation/MemorySchemas.ts",PRODUCTION
"services/memory/src/schema/__tests__/MemorySchema.test.ts",TEST
"services/memory/src/schema/memory.ts",PRODUCTION
"services/memory/tsconfig.json",CONFIG
"services/memory/vitest.config.ts",CONFIG
"services/notifications/package.json",CONFIG
"services/orchestrator/README.md",DOCUMENTATION
"services/orchestrator/package.json",CONFIG
"services/orchestrator/src/__tests__/index.test.ts",TEST
"services/orchestrator/src/index.ts",PRODUCTION
"services/orchestrator/src/observability/AIMetrics.ts",PRODUCTION
"services/orchestrator/src/observability/__tests__/AIMetrics.test.ts",TEST
"services/orchestrator/src/providers/DeepSeekProvider.ts",PRODUCTION
"services/orchestrator/src/providers/GoogleGeminiProvider.ts",PRODUCTION
"services/orchestrator/src/providers/MockProvider.ts",PRODUCTION
"services/orchestrator/src/providers/OllamaProvider.ts",PRODUCTION
"services/orchestrator/src/providers/OpenAICompatibleProvider.ts",PRODUCTION
"services/orchestrator/src/providers/OpenAIEmbeddingProvider.ts",PRODUCTION
"services/orchestrator/src/providers/OpenAIProvider.ts",PRODUCTION
"services/orchestrator/src/providers/VercelAIProvider.ts",PRODUCTION
"services/orchestrator/src/providers/__tests__/DeepSeekProvider.test.ts",TEST
"services/orchestrator/src/providers/__tests__/GoogleGeminiProvider.test.ts",TEST
"services/orchestrator/src/providers/__tests__/GoogleGeminiProviderExtended.test.ts",TEST
"services/orchestrator/src/providers/__tests__/MockProvider.test.ts",TEST
"services/orchestrator/src/providers/__tests__/OllamaProvider.test.ts",TEST
"services/orchestrator/src/providers/__tests__/OpenAICompatibleProvider.test.ts",TEST
"services/orchestrator/src/providers/__tests__/OpenAIEmbeddingProvider.test.ts",TEST
"services/orchestrator/src/providers/__tests__/OpenAIProvider.test.ts",TEST
"services/orchestrator/src/providers/__tests__/VercelAIProvider.test.ts",TEST
"services/orchestrator/tsconfig.json",CONFIG
"services/orchestrator/vitest.config.ts",CONFIG
"task_progress.md",DOCUMENTATION
"tests/README.md",DOCUMENTATION
"tests/vitest.setup.ts",OTHER
"tooling/README.md",DOCUMENTATION
"tooling/eslint-config/index.js",OTHER
"tooling/eslint-config/package.json",CONFIG
"tooling/prettier-config/index.json",OTHER
"tooling/prettier-config/package.json",CONFIG
"tsconfig.base.json",CONFIG
"tsconfig.eslint.json",CONFIG
"tsconfig.json",CONFIG
"vitest.config.ts",CONFIG
